comment_id,video_id,channel_id,publish_at,comment
Ugxn9Fr5BL5WwjWI57N4AaABAg,DVKARhqXiDo,UC7OUGIPx0HIB5HA2OSL-Zhg,2025-06-28T10:42:31Z,感謝大家比❤！<br>可以給我知道你覺得最有價值的重點是什麼嗎？
UgygL8Zb6phbxAOIVbB4AaABAg,zwJd8uyp92Y,UC7OUGIPx0HIB5HA2OSL-Zhg,2025-06-03T06:21:17Z,第一個Podcast 🎙️多多指教❤
Ugy1B8RHBaeAb4NeDnR4AaABAg,HI0jt6xhtSY,UC7OUGIPx0HIB5HA2OSL-Zhg,2023-01-18T10:41:15Z,今天是1/18/2023，我收到電郵通知，經核實符合入學要求，並將錄取入讀 2023年2月1日的「工商管理碩士課程」。好開心。又開始人生另一個學習旅程。
UgzK5jTs4xEZNALOIvN4AaABAg,PA4FIxR1MFg,UC7OUGIPx0HIB5HA2OSL-Zhg,2022-12-10T10:17:07Z,喜歡我選的歌，比個♥️我，等我知道您也喜歡聽。🎼🎧🎹
UgzWHuKvHl0uKHxghV94AaABAg,1EHT6kjgyB4,UC7OUGIPx0HIB5HA2OSL-Zhg,2022-08-01T12:10:01Z,"每次一分享保險知識，都有 一 個 Fans秒like,真想知是誰那麼支持！😆"
Ugw3AhacHjh_ySefI2V4AaABAg,J8jkmL4RNfs,UC7OUGIPx0HIB5HA2OSL-Zhg,2022-07-26T16:30:16Z,"按以下連結及電郵📧登記：<br><a href=""https://9channel.thinkific.com/courses/938"">https://9channel.thinkific.com/courses/938</a>"
UgyqC4qfNtLy-pHcPV94AaABAg,0FsibqdnpdA,UCett6gpN2rPnsQjmSZ_EPIg,2022-06-30T21:11:45Z,星爷回答的真心！也是每个爰国的香港人的想法和愿望
Ugyg99imjVQPe02OypV4AaABAg,0FsibqdnpdA,UCSu5rLdE2mDQRU7zWF-UxAA,2022-06-28T13:56:05Z,星爺講得好，我永遠都是中國人，支持星爺
Ugy6ktm_Jg6La3YJlbF4AaABAg,QzsbTKbLiEk,UCPw7xh5qIBllKMAWmt13gOA,2022-06-16T03:47:01Z,"加油, 永遠支持你!!"
UgyTGfvsNx8OqoYIIYp4AaABAg,QzsbTKbLiEk,UC1FM846QwunoiaqA8vde84Q,2022-06-13T05:02:21Z,多謝分享
UgyXD2lBKfuVoVzhGn94AaABAg,YqoW8hDADyw,UC7OUGIPx0HIB5HA2OSL-Zhg,2022-04-19T06:58:36Z,"<a href=""https://www.youtube.com/channel/UCK3KqaC6Q-8nLRTW8bw8sKQ"">https://youtube.com/channel/UCK3KqaC6Q-8nLRTW8bw8sKQ</a>"
Ugze7jhJPdHugEylqil4AaABAg,6CXf2R8facc,UC7OUGIPx0HIB5HA2OSL-Zhg,2022-04-19T06:58:52Z,"<a href=""https://www.youtube.com/channel/UCK3KqaC6Q-8nLRTW8bw8sKQ"">https://youtube.com/channel/UCK3KqaC6Q-8nLRTW8bw8sKQ</a>"
UgzdTugQRKneEh2AoTx4AaABAg,hJjOlY-SJbA,UC7OUGIPx0HIB5HA2OSL-Zhg,2022-04-12T14:46:45Z,"<a href=""https://youtube.com/c/RollerSkatingSchool"">https://youtube.com/c/RollerSkatingSchool</a>"
UgweNI6Fm34dxj2QkGl4AaABAg,hJjOlY-SJbA,UC7OUGIPx0HIB5HA2OSL-Zhg,2022-04-12T14:43:59Z,"<a href=""https://www.facebook.com/HK.ROLLER.SKATING.SCHOOL"">https://www.facebook.com/HK.ROLLER.SKATING.SCHOOL</a>"
UgySLpPDJTdG2aDDy8V4AaABAg,hJjOlY-SJbA,UC7OUGIPx0HIB5HA2OSL-Zhg,2022-04-12T14:42:47Z,"<a href=""http://roller-school.org/"">http://roller-school.org/</a>"
UgzkoSvnsry2N2wiFhp4AaABAg,9q5rcpESFxg,UC7OUGIPx0HIB5HA2OSL-Zhg,2022-04-12T14:46:34Z,"<a href=""https://youtube.com/c/RollerSkatingSchool"">https://youtube.com/c/RollerSkatingSchool</a>"
UgysQTEv6oiMmoKjyxh4AaABAg,9q5rcpESFxg,UC7OUGIPx0HIB5HA2OSL-Zhg,2022-04-12T14:43:44Z,"<a href=""https://www.facebook.com/HK.ROLLER.SKATING.SCHOOL"">https://www.facebook.com/HK.ROLLER.SKATING.SCHOOL</a>"
Ugxyw2ZSztn8i5EBuEp4AaABAg,9q5rcpESFxg,UC7OUGIPx0HIB5HA2OSL-Zhg,2022-04-12T14:42:33Z,"<a href=""http://roller-school.org/"">http://roller-school.org/</a>"
UgxLo__Oh5VtCNYS1ut4AaABAg,6tR13_gpZaw,UC7OUGIPx0HIB5HA2OSL-Zhg,2022-04-07T03:49:04Z,"<a href=""https://youtube.com/c/SanjayTolani"">https://youtube.com/c/SanjayTolani</a>"
Ugy-ftXMLMVbzfeSIfR4AaABAg,Cp2cbSJf-EA,UCY7baL0B2w3Hdp_Gz9f7Wdw,2022-06-12T13:13:04Z,有字幕就更好
Ugzr0CxRrgMyJLtRpvN4AaABAg,Cp2cbSJf-EA,UC7rI5ag2FCMgoM_oKSVB9IQ,2022-06-09T15:19:29Z,thank you for sharing
Ugw3A9OWbD0QP25deit4AaABAg,5f_s84DKNyI,UC7OUGIPx0HIB5HA2OSL-Zhg,2022-03-04T02:51:22Z,"<a href=""https://eassess-healinghands.com.hk/"">https://eassess-healinghands.com.hk/</a>"
UgwaICxFSkmyYPtydYR4AaABAg,UtCZYbo0g4Q,UCbkYWy-rWqRiiiFwbC7Bp3w,2021-11-21T10:24:32Z,"我人生最逆景的時候是去讀大學,畢業🎓後人生改變了很多,贊成老師講逆境去增值自己等下一個機會來💪🏻"
UgxSmBnc2Tl_8-b2EaN4AaABAg,UtCZYbo0g4Q,UCn7xDmcXV8jIU5SyGCrtHag,2021-11-21T09:55:43Z,👍👍👍👍👍
Ugz_zUPU4LHx5phkUzh4AaABAg,neUlQ0GOEnQ,UCijbzBG2yvf5bqAfFTq085g,2025-09-06T08:59:29Z,"會唔會因爲攞咗pre-approval, 保險公司更加有理據拒絕理賠超出pre-approval的費用？例如柒血床單及枕頭袋？"
Ugzh_wOGunbUW72bX9R4AaABAg,neUlQ0GOEnQ,UCI7nqvyl18EiPmWxyuF2m6Q,2025-05-26T06:23:49Z,收音較差，聽得很吃力。🥵🥵
UgxEZBRMfJ6MsJ51Ixl4AaABAg,neUlQ0GOEnQ,UC93ZyJLKieZ7Sbu56MOlw8w,2024-08-30T17:44:05Z,"By the way, 生癌不應吃燕窩，因為會助長癌細胞。"
UgwIga9eY-qA_4JRhdJ4AaABAg,neUlQ0GOEnQ,UC93ZyJLKieZ7Sbu56MOlw8w,2024-08-30T17:42:09Z,謝謝分享講解～<br>實在有太多人濫用醫療保險，也有同流合污的經紀，濫收費用的醫生，搞到保費越來越貴……
UgxlvcFysNS9_kWpx9l4AaABAg,neUlQ0GOEnQ,UC-O7LxSJYGpk9lOC0X05oWg,2023-11-11T16:01:46Z,"咁保儉公司出一隻保病人傻咗嘅plan    ,   提議改名叫 「大智保」     意思係大智若愚"
UgyGrVejFgrlAIdGXUN4AaABAg,neUlQ0GOEnQ,UCE3_MtglodiAk2RclZGla2w,2023-09-04T18:41:13Z,如果買兩份高端醫療，可以用名醫嗎？
UgwdrlXqVzx3non5JqZ4AaABAg,neUlQ0GOEnQ,UCiDgCLoFvm550xR-IkXVj5w,2023-08-10T11:20:32Z,"咁床單枕頭費用, 保險公司最後有沒有賠償?"
UgzfmUn_DPVecnZE-U14AaABAg,neUlQ0GOEnQ,UCSutVsTSOCL29dw_MSc73Dg,2023-04-11T14:20:00Z,Thanks for your sharing. 😀😀😀😀😀😀😀😀😀😀😀😀😀😀😀😀
UgysHYlYMhUz6KuBP_B4AaABAg,neUlQ0GOEnQ,UCsfhxWb4y3bMamJJmU85z0w,2023-02-28T13:32:52Z,"<a href=""UCkszU2WH9gy1mb0dV-11UJg/hf90Xv-jHeOR8gSxxrToBA""></a>🙏"
Ugw3MBHjZJXDcrQw9-N4AaABAg,neUlQ0GOEnQ,UCE3_MtglodiAk2RclZGla2w,2023-02-26T18:26:15Z,我覺得試驗藥，如果用完之後有用，應該都要包，如果冇用先至自負
Ugxa3McHTNCoL4mJvsh4AaABAg,neUlQ0GOEnQ,UCE3_MtglodiAk2RclZGla2w,2023-02-26T18:04:44Z,"求其作一樣原因話頭暈肚痛入去檢查咪得囉! 膳食方面，我一個人唔要得多,淨係要過最貴嘅,例如佛跳牆, 可以嗎？"
UgyzWBs3EGQDHU-qn-x4AaABAg,neUlQ0GOEnQ,UCj6R0F-Ne7XeGicFM8vrU7Q,2023-02-01T09:50:27Z,講得好清楚
UgwaLmp2_AWdrYnn6NV4AaABAg,neUlQ0GOEnQ,UCWe__6vODzbID9CRy1WXQTQ,2022-08-07T07:08:14Z,有用 但用喉嚨講野聽到好辛苦
UgycXMqD2-eSUdBJuIR4AaABAg,neUlQ0GOEnQ,UCoevBBin1Yj2oIQHJTzCW-A,2022-05-07T11:08:30Z,唔該分享，加深個人對保險既認識🙏
UgzOOpeEF56O9ek0gbN4AaABAg,neUlQ0GOEnQ,UCEldQ_AFDc_-eaztTfZId2A,2022-02-23T14:20:50Z,"Magic book for green hand, thanks!"
UgyWp-MZuBvnyzQaA4R4AaABAg,neUlQ0GOEnQ,UCaNnN5bRYDfC7v1Ighuyw0A,2021-11-26T10:50:26Z,資訊有用，多謝分享。
UgyN7Xb9Mq0xosPvz1h4AaABAg,KtkTJ-kgQHo,UC41Q-xtPdAilkUF5jC7FfXQ,2022-07-22T06:08:38Z,Very kind and good doctor !!
Ugydxgm_pIC2KnD9a3R4AaABAg,jXXEf4YQJdg,UC9F6FIMany1h8fPcIaN4XQA,2022-09-20T17:20:35Z,我仲以為寫比你
UgzbldpPedvwmebMU7h4AaABAg,jXXEf4YQJdg,UCBZnJO8ecHvK_-g_4a75hBQ,2022-01-02T02:03:23Z,"could you recommend macau agent for me, interested in 危疾保?  謝謝"
UgzBGh9Jyg5Q3ReuSPR4AaABAg,jXXEf4YQJdg,UC_avyXMfhFCjZyXCtiaGOvw,2021-11-17T13:23:59Z,真係人情冷暖。
UgygU4oEaQbV0LUT0pZ4AaABAg,6s27q5-NTvU,UCn7xDmcXV8jIU5SyGCrtHag,2021-11-21T09:56:20Z,👍👍👍👍👍
UgxihkGQFfhaADq-HQ94AaABAg,6s27q5-NTvU,UCe-EIZ6LFlgQqXdsfUmj5IA,2021-11-15T03:11:11Z,非常精彩謝謝分享
UgzhAN6FoEj1UexyNRh4AaABAg,TxZJ36B0u4k,UCn7xDmcXV8jIU5SyGCrtHag,2021-11-21T09:55:19Z,👍👍👍👍👍
UgwfAKl_r-2vfq9QqRZ4AaABAg,oT5k7330yJU,UCQtcGj0rT85JB-jKac1fHjw,2023-09-05T16:01:22Z,好細聲，聽唔到
UgyyY0HC8vkLrWGmtJx4AaABAg,oT5k7330yJU,UC9F6FIMany1h8fPcIaN4XQA,2022-08-30T10:15:22Z,高端醫療什麼情況下先至唔抵，就係快死，或者係瞓覺死，唔需要點住院嘅情況。
UgwHA0XM6YMxC7ZbLiN4AaABAg,oT5k7330yJU,UC9F6FIMany1h8fPcIaN4XQA,2022-08-30T10:10:47Z,"買得普通自願醫保plan，係有機會遇到一啲兩頭唔到岸嘅情況，例如生cancer或者入ICU,隨時出院有震撼賬單，好容易住住下醫院要返返去公立醫院,呢個根本上係有違你嗰陣時買保險嘅原意"
UgwN6SUuIuaBVo32aKt4AaABAg,oT5k7330yJU,UC9F6FIMany1h8fPcIaN4XQA,2022-08-30T10:08:36Z,"其實買高端醫療相對來講係抵過普通最基本嘅入院plan , 應該要同客人計你每一蚊嘅保費得出嚟嘅保障額係幾多, 最低嘅自願醫保plan雖然係平啲，但係相對來講其實冇咁着數.<br>舉個例子$50月費的流動網絡，睇落去非常之便宜， 但只有0.5 GB， $250雖然貴啲但係有30GB 嘅道理, 因為50×5只係得2.5 GB , 但係$250就有30 GB , 所以能力負擔到一定係高端醫療"
Ugwg4TNw7g0tISoFj2d4AaABAg,oT5k7330yJU,UCbkYWy-rWqRiiiFwbC7Bp3w,2021-11-03T10:29:22Z,"good explanation, very professional👍"
UgwMSHgtFEgdPwPTDD14AaABAg,rDjZvReMQ-Y,UCE3_MtglodiAk2RclZGla2w,2025-09-22T08:23:30Z,又係有病才想起保險
UgyRlmJy9wHZRw8TO5N4AaABAg,rDjZvReMQ-Y,UCE3_MtglodiAk2RclZGla2w,2024-03-31T04:42:35Z,我也是
UgxT-bDVM2MtRqgvO0V4AaABAg,rDjZvReMQ-Y,UCE3_MtglodiAk2RclZGla2w,2023-12-13T18:20:56Z,血壓高果個女仕是否標準保費批出？
UgxLn4KRZ5dR8GXPAf94AaABAg,rDjZvReMQ-Y,UCLqfPTzBRtBLvl0QUen87lQ,2022-11-04T17:37:09Z,最後果條友有冇被加保費
UgzFZTigP147eFcVpZ54AaABAg,rDjZvReMQ-Y,UCwHLKuk4_gZUWiu8IpO5HZw,2021-11-02T08:41:07Z,能說一下醫療融資嗎？
Ugws-MW-bv8Z3v3FPAB4AaABAg,Cnp3hMLnvdQ,UCbkYWy-rWqRiiiFwbC7Bp3w,2021-10-19T14:21:41Z,"中肯,良性競爭,個人charming是至勝之道👍🌹"
UgxOuVpv1MkHcggmpHJ4AaABAg,llZpKex5GPw,UCASJi9Ezi7Gq_y4w-MBK1Zg,2023-05-14T07:53:13Z,我想了解一下高端醫保
Ugw0jdw9B8oYxR3Acpd4AaABAg,llZpKex5GPw,UCGfDV9FgrwSsTlZFJjc3__A,2023-03-17T12:42:11Z,太细声，請改善，thanks
UgyxKWSARGo0tkuLhgB4AaABAg,llZpKex5GPw,UCE3_MtglodiAk2RclZGla2w,2023-01-10T10:12:46Z,重疾保險係俾有事時， 自我安慰，買補品，安排工人幫手，其他等等嘅雜項開支
UgybiQooD3Edq9F_vh94AaABAg,llZpKex5GPw,UCEoWCNqpqIw3R1QAT2ZyGYg,2021-10-12T06:41:36Z,"你好 miss Chow, 睇左你channel一段時間，請問可以點樣同你或你嘅團隊聯絡呀？我想做一份保單呀，謝謝"
UgwlAEvJfrwCnMn5DX94AaABAg,gtPRoi_nYSc,UCe-EIZ6LFlgQqXdsfUmj5IA,2021-10-09T03:32:21Z,謝謝分享
UgwFAPvW3gv_xBNU0rZ4AaABAg,FacQiWlTmHw,UCrqPkH8It2sF-1qLwyhLFUA,2024-01-03T13:28:51Z,"<a href=""https://www.youtube.com/watch?v=FacQiWlTmHw&amp;t=363"">6:03</a>S<br><a href=""https://www.youtube.com/watch?v=iLoU0Fme8UY"">https://youtu.be/iLoU0Fme8UY?si=o7aL-uE6qVnuJ6Wd</a>"
UgzEmrfmTFCxlBCYIhR4AaABAg,FacQiWlTmHw,UCrqPkH8It2sF-1qLwyhLFUA,2023-10-31T13:46:49Z,保險墊底費？是否高端醫療才需要？什麼情況可以豁免？
UgwwyduyOjGZGXB6qjh4AaABAg,d8yHiyneMvg,UCrqPkH8It2sF-1qLwyhLFUA,2024-01-03T13:17:33Z,"<a href=""https://www.youtube.com/watch?v=d8yHiyneMvg&amp;t=363"">6:03</a>S 保險經紀其實係唔喜歡做醫療保險喎？<br><a href=""https://www.youtube.com/watch?v=iLoU0Fme8UY"">https://youtu.be/iLoU0Fme8UY?si=o7aL-uE6qVnuJ6Wd</a>"
UgyM2n_bGV_EhVFw5mN4AaABAg,d8yHiyneMvg,UC-ZCCWQPlAt3i0Szw9VSRHQ,2023-12-21T05:04:28Z,買咗8年嘅保x專做醫保公司都唔知幾時回覆我搞<br>咗幾個月的賠償？仲要係細數額<br>賠償？
Ugzx6bJ3_FjafQho6rV4AaABAg,d8yHiyneMvg,UC-ZCCWQPlAt3i0Szw9VSRHQ,2023-12-21T05:04:02Z,買咗8年嘅保x專做醫保公司都唔知幾時回覆我搞<br>咗幾個月的賠償？仲要係細數額<br>賠償？
UgyEvHywRC1ip_UKhwZ4AaABAg,d8yHiyneMvg,UC49n_34Gy8St478CC5aOjwg,2023-11-04T16:14:48Z,"尼一系列既影片真係造福世人, 多謝你既分享."
UgwcU9uE2t87dDpAQTN4AaABAg,d8yHiyneMvg,UCMk37t8_uAOLAqwjgfYLIxA,2023-09-17T02:15:35Z,"您好，我賺不了什麼錢！但買了A I A的人壽跟醫療，人壽一年25000,還有醫療跟高端醫療，您說這份保險好嗎？我交了兩年，感覺壓力好大！"
UgyQmt-2pIAE73akR2x4AaABAg,d8yHiyneMvg,UCGzNwcIeMWt2feTyENnpUEA,2022-11-14T07:47:17Z,你知道你是真心的，我相信你。我已留言，但你未覆我啊。
Ugxva-qLMUwtQXK4Wsl4AaABAg,d8yHiyneMvg,UCfAgo6CqCAzQZ5zv4jNEu5w,2022-06-13T23:38:01Z,聲音較遠及音量小，基本上只可以用耳筒較到最大聲才聽到。如果在電視play YouTube 個sound 太散太沉聽不到
UgySI4gj5FzKogcROYV4AaABAg,d8yHiyneMvg,UCEldQ_AFDc_-eaztTfZId2A,2022-02-23T13:48:25Z,"Very helpful, thanks!"
UgxHRFKxHV1b9-d5zrh4AaABAg,d8yHiyneMvg,UC38WCR1RsXYtM8AWF61UQvA,2022-01-13T11:02:31Z,声音小了点，听不清楚，如果有字幕就好了
Ugy9IDFKFT6QaVgg1zN4AaABAg,d8yHiyneMvg,UCcig5y1uxTYXFUgA0HVpoEA,2021-10-03T06:46:45Z,課程是收費嗎？
Ugxe1F7eekGCmH_6XUl4AaABAg,XJUo9gpKrHk,UCLqfPTzBRtBLvl0QUen87lQ,2022-10-26T05:13:06Z,"所以可以不加loading , 冇不保事項地買高端醫療係件好事！"
Ugy1e--18LP4eATOeMJ4AaABAg,XJUo9gpKrHk,UCLqfPTzBRtBLvl0QUen87lQ,2022-10-23T07:35:52Z,其實保險公司已經計咗風險比率，每一個年齡已經計咗風險比率，其實冇話抵唔抵，例如肥嘅人要加交保費，保險公司着數啲，定係受保人着數啲？分分鐘收多你50%，保險公司仲要蝕俾你，因為肥嘅風險比率係高好多，收多你50%都唔一定係着數
UgxidWYziMNUJ_4sFNp4AaABAg,XJUo9gpKrHk,UC0KLar2TSmL58NaulrLuGUg,2021-09-27T16:42:20Z,你好，请问买高端医疗是不是40岁之后贵滴？可以月供吗？谢谢
UgwHRV-8Eiy4B5-6KaB4AaABAg,Wa8I7UTIG2Q,UCijbzBG2yvf5bqAfFTq085g,2025-09-06T09:11:24Z,"如果保險公司加咗exclusion, 比如不保個肺的話，假如受保人不幸患上肺癌，咁保險公司當然唔會保，對嗎？咁如果肺癌抗散去其他器官，那麼受影響的其他器官治療，保險公司又保唔保呢？如果保險公司argue話因為個病係由肺癌引起，所以唔會保，咁買咗有 EXCLUSIONS 保單嘅人咪好冇保障？你永遠唔會知保險公司怎樣介定關連性疾病！"
UgzjP-mdA8bgw1VlvWd4AaABAg,Wa8I7UTIG2Q,UCzKY-OI7gZzW6i79PU3Rivw,2025-05-02T09:22:41Z,"有錢就供啫, 冇錢點供呀! 用最靚既藥都醫唔好呀, 死埋!"
Ugx_2aF0rAAVxfe0nyB4AaABAg,Wa8I7UTIG2Q,UCE3_MtglodiAk2RclZGla2w,2025-01-03T18:27:21Z,你點只係小康之家？
UgygpoZTY0LDuqzLQvh4AaABAg,Wa8I7UTIG2Q,UCTZHkP3srT4ApCC1f8lq-vg,2024-08-12T12:51:26Z,倘若病患需要用到ICU，為何不轉去HA醫院的ICU呢！而且HA醫院的ICU是一個RN對一個病人，多好呢！駛嘜買醫保！
UgyBwD4PbDuANdMLfvF4AaABAg,Wa8I7UTIG2Q,UCy8UkPSbkx1dlf0pRAnl05w,2023-10-03T01:23:10Z,中風使費都有机會比較延續性<br>醫療費用可能在開髗骨 存髗骨 再上髗骨 都可以几十萬離院. 因為當中反覆性大.
UgzJe0yplzj_uyKN-5t4AaABAg,Wa8I7UTIG2Q,UCE3_MtglodiAk2RclZGla2w,2023-04-24T10:04:40Z,"我買咗兩份，高端醫療，總保障120,000,000， 其中一份八萬蚊薦底費， 定期同埋終身危疾30,000,000，人壽大概買咗20,000,000，因為最佳嘅情況係如果cancer，我唔單止要治療費，我仲要賠償，仲有可能醫唔好，要我死之賠償也要！"
Ugwa3CJiQszNXgQ4SLt4AaABAg,Wa8I7UTIG2Q,UCLqfPTzBRtBLvl0QUen87lQ,2022-12-11T17:08:45Z,最慘係賣樓醫完也要死，白白浪費了金錢，買了夠保額就不用煩
Ugw_V1NXtgYA0Mrk_6B4AaABAg,Wa8I7UTIG2Q,UCLqfPTzBRtBLvl0QUen87lQ,2022-11-04T18:34:12Z,+50% 喺高端醫療就抵，普通嗰啲自願醫保，根本上槓桿唔夠高！
UgzRE67mCDs5rUW4bn54AaABAg,EBak3Jf2UIQ,UCK6PTBFBHj4-FEA9EG8DH2A,2021-09-21T11:23:09Z,如果屋企人60歲，買醫保靈活加50%保費，你建議買嗎
UgwA612HWdESsW35QxJ4AaABAg,EBak3Jf2UIQ,UC7OUGIPx0HIB5HA2OSL-Zhg,2021-09-21T05:15:24Z,巳電郵課程內容給您，請查閱！
UgyszZTek2ix96Jk04R4AaABAg,ww2kP74tWCY,UCe-EIZ6LFlgQqXdsfUmj5IA,2021-09-10T05:59:42Z,謝謝分享
Ugwk8LHY7x7T0B1_iix4AaABAg,bto9b85dsYw,UCe-EIZ6LFlgQqXdsfUmj5IA,2021-08-28T03:43:17Z,非常精彩， 期待下集的分享
Ugwcf4djENGcDL-zaI94AaABAg,LiqRuFA4aRI,UC0KLar2TSmL58NaulrLuGUg,2021-08-28T15:55:26Z,你好，请问这间酒吧地址？谢谢
Ugy9XmT1FgjO7u3gHUV4AaABAg,xxicNlFVn78,UCE3_MtglodiAk2RclZGla2w,2025-09-16T02:03:51Z,條友擺明係慳錢啦，成日都計住啲婆乸數，最後結果而家買唔到
UgxjQ4j6vUF9E72Bzpx4AaABAg,xxicNlFVn78,UCE3_MtglodiAk2RclZGla2w,2024-12-06T04:20:33Z,被cut 單，好慘
UgzX6IxCXegCqLV7jbB4AaABAg,xxicNlFVn78,UCE3_MtglodiAk2RclZGla2w,2024-11-05T18:20:14Z,"你哋AIA個癌症plan小朋友有動作發展遲緩，等候見醫生, 唔關癌症事都唔受保喎!"
UgwkSrWU5fGXMpnqwsF4AaABAg,xxicNlFVn78,UCE3_MtglodiAk2RclZGla2w,2024-10-29T09:28:00Z,Oh my god
UgwRGYyrlU5JcG1NiXp4AaABAg,xxicNlFVn78,UCJwHee4fH9CBKbj3WL2Tkfg,2024-06-05T08:22:34Z,您好，最近先睇返啲舊片。請問仲有加入會員功能嗎？
Ugwd20EpxyxtxTH0a9l4AaABAg,xxicNlFVn78,UCE3_MtglodiAk2RclZGla2w,2023-02-28T06:03:49Z,保險公司叫我去驗身，本身我個BMI係超過30 ，反而冇驗到血糖，我37歲，好奇問agent佢話可能慳成本，咁奇怪？慳咗幾百蚊？ 保險公司賠錢都唔止咁嘅數啦！
UgwiB2kLI2H7hjHxX9R4AaABAg,xxicNlFVn78,UCLqfPTzBRtBLvl0QUen87lQ,2022-10-23T05:59:31Z,"你們申請時報保險公司，一切都可以從寬，嗰啲咁嘅血壓根本上可以原諒，但係你買咗之後會發現漏報要claim , 當然採佢都傻啦。<br>所以我有乜都講晒出嚟！"
Ugyi8DGWDleqHI150Pt4AaABAg,xxicNlFVn78,UCpzgqie9dh9ww0_-BIoeD4A,2022-10-08T12:51:13Z,"非香港的醫療記錄（幾年前在內地有確診）,保險公司check到嗎"
Ugw9h3B5tYXoVa1whod4AaABAg,xxicNlFVn78,UC9F6FIMany1h8fPcIaN4XQA,2022-08-24T19:09:13Z,保險公司查不查到私家體檢中心d病歷？
Ugzif67onXN2o2DBbcV4AaABAg,PiYuoIrzfIM,UCbkYWy-rWqRiiiFwbC7Bp3w,2021-08-20T03:35:47Z,Good sharing 👍💪🏻
UgxdZyVo9unSNSawOVF4AaABAg,ji1BSqQlZ54,UCs62ukRF0eIgcrR94mjEUGA,2022-07-12T13:18:42Z,每天愛「看」你多一些
Ugw51MA1385_0vJThDB4AaABAg,ji1BSqQlZ54,UCYsGBNYe-0-e9GwttUYNIoA,2022-07-10T10:31:25Z,為何所有有關你的視頻，你都不開具自己的姓名呢，周汶樺小姐？開具自己名字更能令潛在客戶會根據你以往在電視台的採訪經驗，更能信服你的保險經驗囉。
Ugw_DIP5oh62RnZbToJ4AaABAg,ji1BSqQlZ54,UCK3t1myspCn-aH_6SK9eUvw,2021-08-04T16:34:40Z,支持妳👍👍
Ugwfgg3s0FYElm0HDHF4AaABAg,ji1BSqQlZ54,UCbkYWy-rWqRiiiFwbC7Bp3w,2021-08-03T14:54:06Z,"Appreciate your devotion on your career,  creation, keep learning👍 keep it up💪🏻🌹"
Ugyh3jj3m-FWHSFredB4AaABAg,O9UmL7GleM0,UCLjWZFcpEe9IgojtsYXl5XQ,2024-02-18T18:47:41Z,台湾买只要800
UgwH1t2hRMzzwUaFaGR4AaABAg,5BFx1hBho1o,UCJAtMmA6fX31O8-EsPr0TXQ,2021-07-28T04:25:18Z,多謝嘉賓嘅案例分享，好有畫面，好好聽！
Ugz4CWEADozPitNw8414AaABAg,twZ_4gpedTE,UCJAtMmA6fX31O8-EsPr0TXQ,2021-07-28T04:45:41Z,靚女主持博學又好學，身體上出現問題，尋求中醫方法都會有幫助，效果亦快;本人例子，更年期間的月經紊亂，今個月飲了2劑，下個月都改善了很多。
Ugzi1XAww6eio-kzjAh4AaABAg,5HHiI0DkvDg,UCJAtMmA6fX31O8-EsPr0TXQ,2021-07-28T04:37:07Z,靚女主持有八字根底，仔女有印星+有七殺剋身，自律性高，無須補習亦有好成績；相反，年柱見財星，又無印或被合/冲的話，迫佢補習盞令到關係變差。
UgwTJmIy4asj5PrDMoR4AaABAg,5HHiI0DkvDg,UCe-EIZ6LFlgQqXdsfUmj5IA,2021-07-24T03:38:43Z,好喜歡聽你哋講仔女的節目，继续努力
UgxG9XjSAIEPAYZfSYx4AaABAg,Wghw5UrYVRI,UCRWroi42NI2KRQb4127KGig,2024-08-31T11:03:46Z,"also need to consider  if there are 普通房 plan ,  not just 私家房 plan,  such that the cost for having 普通房 plan will be much cheaper"
UgzQqq5VuKro59S9oDJ4AaABAg,Wghw5UrYVRI,UCE3_MtglodiAk2RclZGla2w,2024-06-18T14:10:21Z,你見過大人買最多幾多額危疾？
Ugwhbx0Wtp1p0lcd5714AaABAg,Wghw5UrYVRI,UCE3_MtglodiAk2RclZGla2w,2024-06-18T09:36:15Z,你見過小朋友買最大嘅危疾係幾多保額？
Ugwbzi8YvdLZIJ716cx4AaABAg,Wghw5UrYVRI,UCA_kRL0jNHlQ5TyVidOUfPQ,2024-01-30T02:48:57Z,想幫bb買翻份醫療保險，有什麼要注意，有什麼推薦，謝謝🙏
Ugw-NaGs1abydIZwjAV4AaABAg,Wghw5UrYVRI,UCPAFooct8FM8pc7vI_oftyQ,2023-10-28T06:38:26Z,請問你是那間保險公司agent?
UgydlXVpB9ceCujVXox4AaABAg,Wghw5UrYVRI,UCPAFooct8FM8pc7vI_oftyQ,2023-10-28T06:03:39Z,收音可以大聲啲嗎？實在很細聲
UgxKaxq4DsIUV5FogfR4AaABAg,Wghw5UrYVRI,UCQo1vEJk4I9yH00vXMDD6HA,2023-06-30T13:38:19Z,可以推介一下好的高端醫療嗎？
UgzDhjwocYsszMyqGf94AaABAg,Wghw5UrYVRI,UCk7RjAGHR2JeC3qRhj6UEPA,2023-06-13T05:23:16Z,好多謝你的資訊，但可能是你聲音較細或你那邊收音問題，要調到很高音量才能聽得清楚（在街道上聽），但一到 youtube 賣廣告時，因音量已很大，今耳朵很難受，希望你們能改善
UgyjB3AC01bnNQLHEH94AaABAg,Wghw5UrYVRI,UCO_Zgu8ZThUREW19vZnZQqw,2023-03-13T08:00:15Z,"Please help to provide proposal for our evaluation , male 50 years old 自付50k-80k"
UgyC3Lo9dcyuwnYXyG14AaABAg,Wghw5UrYVRI,UCLqfPTzBRtBLvl0QUen87lQ,2022-11-02T17:29:40Z,邊間咁少？得250 萬？
UgxtqwVrBEUePt8-Rr54AaABAg,Wghw5UrYVRI,UCMFwc_hTRkSXrQGKmOK_Q3w,2022-06-29T14:27:28Z,收音一般，聽得辛苦
UgzChq-AHLtzen8XdYZ4AaABAg,Wghw5UrYVRI,UCbzKdleeHGGfBA7Jqq2cNRw,2022-06-16T10:36:12Z,片主請問邊間可以做到保香港十幾間醫院免找數入院？我以前用大都會好方便，而家過左底要幫去佢個專線度預約搞一輪介紹醫生你睇仲要佢哋嘅醫生話你有需要入院先再留4個工作天幫你申請，有時真係急嘅話例如真係橫丫腸發炎個d真係未必等到4個工作天<br><br>想轉另一間高端
UgzTzdWvpraQ4iUbQTR4AaABAg,Wghw5UrYVRI,UCS5u170X516h7WXOfbvQ34w,2022-06-09T07:50:42Z,預先批核，一為神功，二為弟子。😎
Ugz-x-fQeJHX2uRs-CR4AaABAg,Wghw5UrYVRI,UCpqYsOV2D5sYtyTmMxc7i6Q,2022-05-06T09:07:19Z,可以精簡D
UgyTU3aOC2zD1m54roZ4AaABAg,Wghw5UrYVRI,UCMEy_0PNJ2uu-T2v8SbhgOw,2021-12-16T08:05:50Z,路過，聽你壓著喉嚨的發聲方式，應該頗傷聲帶 😅 多注意吧。
Ugz5jaWqbNcrpr5CeU14AaABAg,Wghw5UrYVRI,UCRZ-VlJe5sFy9BtL7hIGI1A,2021-09-12T16:45:35Z,Pls email
UgxMXr8_K1jyz0yytkR4AaABAg,Wghw5UrYVRI,UC0KLar2TSmL58NaulrLuGUg,2021-08-13T17:55:54Z,请问买那家保险公司的高端医疗稳妥一点呢？
UgzMWuh-uaqGKOXZrOp4AaABAg,dRODRQ6WfvI,UCxBwE_LVfI-AgEj01MIPAMQ,2023-12-01T05:21:58Z,"所以佢叫人先落地穩定先做, 已經遲啦"
UgyomJyl50ZNmceZMa14AaABAg,dRODRQ6WfvI,UC_GhmedcdrMf2aQBUvw11Gw,2021-11-15T15:19:32Z,受益人係英國稅務居民 咪一樣要交😨
UgxOotVpm-7ABRcK9Cp4AaABAg,dRODRQ6WfvI,UCthfWz5ixYGI9hsMgdzbMTA,2021-07-20T11:09:23Z,請問有台灣篇嗎？
Ugygv5QQfUBjFiNZPAp4AaABAg,y2i8MA5aqnE,UCE3_MtglodiAk2RclZGla2w,2024-06-29T04:19:42Z,養和是香港最貴嘅醫院
UgwMkPbcLhmjCHLudAp4AaABAg,y2i8MA5aqnE,UC9F6FIMany1h8fPcIaN4XQA,2022-09-27T06:34:38Z,試驗不要錢？ 大把人試喇
UgxnOXbnoN6tsSft1aJ4AaABAg,y2i8MA5aqnE,UC9F6FIMany1h8fPcIaN4XQA,2022-09-15T18:29:59Z,其實d醫生點解可以收咁貴
Ugwy3hSv1lRljVEd2oN4AaABAg,-chY_CVLNPs,UCInfELzt9MkUHhe_C2MaJuA,2021-07-13T04:53:02Z,胰臟有什麼方法或儀器檢查？身體檢查是否要做MRI?
Ugw8bUz6Pf-ghFDL4Kp4AaABAg,-chY_CVLNPs,UCInfELzt9MkUHhe_C2MaJuA,2021-07-13T04:52:14Z,胰臟冇什麼方法或儀器檢查？
UgzamtGMjHrandDKyql4AaABAg,jcdolqNABzg,UCe-EIZ6LFlgQqXdsfUmj5IA,2021-07-24T03:56:34Z,支持兩位， 但聲音好細聲
UgyqHnhfcKYbakegYX54AaABAg,ER7PrB-G858,UCE3_MtglodiAk2RclZGla2w,2024-11-06T03:36:18Z,有高血壓，分分鐘不保中風，不保現有病，範圍可以不確定和好廣。
UgzEGAVuP8kntj8cXIR4AaABAg,ER7PrB-G858,UCE3_MtglodiAk2RclZGla2w,2024-11-06T03:29:09Z,"你嗰個保險plan係AXA , 只要兩年後康復都可以保埋之前存在疾病"
Ugw0-BE1KHCsgsq55gJ4AaABAg,ER7PrB-G858,UCE3_MtglodiAk2RclZGla2w,2024-09-11T15:00:32Z,我細女有動作發展遲緩，會唔會將來有病，而該病其中一個特徵係發展遲緩或者呢個病的人通常有發展遲緩，會唔會用動作發展遲緩話係已存在疾病做原因不賠？
UgyfOtDCxIr7KX3WYiB4AaABAg,ER7PrB-G858,UCTMCHhtvL4ZQ23m2rXfmStw,2024-04-17T00:11:19Z,請問而家市面上有高端醫療（非自願醫保）同高端醫療（自願醫保） 有咩分別，大家都高端醫療，有政府監管係咪好啲呢？
UgzT50ZYVAWwq4kLJup4AaABAg,ER7PrB-G858,UCE3_MtglodiAk2RclZGla2w,2024-02-02T09:29:13Z,什麼公司不用驗身，介紹下
UgxmrWYhe_MnpfAv5Fp4AaABAg,ER7PrB-G858,UCgMhurtaD60H9-b_ovB917w,2022-12-18T19:38:41Z,請問有邊啲高端醫療保險係B類型？🤔
Ugyamj1-DNswcIZcgFV4AaABAg,bvNVLlUMHYU,UCDuVmrlZYQ0L5KYHJJBFAgw,2021-06-28T17:50:31Z,支持，拍多d片
UgzoF139UM9bFggjdi94AaABAg,tD9tBcZzmig,UC0XF4Sm22wr_qEnX5DkemCA,2021-10-04T15:50:16Z,"入行唔耐既我<br>我已經好深深咁體會到♥️<br>呢份工除左比到我好大自由度外<br>亦到令到我變得更加人性化，有左同理心<br>以他人既經歷啟發自己人生，變得更有意義<br><a href=""http://www.youtube.com/results?search_query=%23%E6%84%9F%E8%AC%9D%E6%82%A8%E7%9A%84%E5%88%86%E4%BA%AB"">#感謝您的分享</a>"
UgwRo5Bo1OnYZR8iVP94AaABAg,tD9tBcZzmig,UCdr3Es1ijvykqmhO1Pqqd-w,2021-07-03T16:27:13Z,我係剛入行的新人，睇完好多你既保險價值片獲益良多。謝謝你。
Ugy26nWEU6A0Vt1Gw1R4AaABAg,aMejB3Z5yWw,UCa69BXapFb0ar8jEEvVU5bQ,2022-08-10T23:58:19Z,師傅！請教－下. 丁巳年/戊申月/丙辰日/丙申時. 這六年苦不堪言. 一切可以失去的都失去.明年真是好轉好嗎？
UgxI6Pp9i0smcfyCgNl4AaABAg,AhFTCdvi80k,UCS39fdC0245wAsmmMCO63nA,2024-05-10T14:22:29Z,高端醫療沒有標靶藥物保障吧？
Ugz1xpc8PnuMqx5oyEl4AaABAg,AhFTCdvi80k,UCWHlaQzPKJeM1zssRuzRJQg,2023-11-30T16:52:08Z,請問之前在保險公司買了普通住院醫療，可以在同間公司升級為高端醫療嗎？謝謝
UgzVlGU2BG2WnE71adJ4AaABAg,AhFTCdvi80k,UCE3_MtglodiAk2RclZGla2w,2022-12-26T03:56:38Z,"買三份住院現金，醫生要填三份claim form , 醫生會唔會不喜歡？"
UgxbGrvaft9oxIHq1Sd4AaABAg,AhFTCdvi80k,UCxXD9QGl_dPkiczUHjpxF7Q,2022-08-14T04:27:27Z,請問如糖尿病控制得好 會買到高端嗎？🙏
UgzhsW_7imLvzSYiZ5F4AaABAg,AhFTCdvi80k,UCroUFGwZHlxw1apljILiX9A,2021-12-14T16:35:25Z,Miss Chow您好，想請問我已買了有墊底費的高端醫療，亦買了自願醫保靈活計劃。因為靈活計劃有病房級別限制，我是否需要轉自願醫保標準計劃會好些呢？謝謝🙏
UgxPLH3nHvBApa-lzr54AaABAg,AhFTCdvi80k,UCq9CITlbi1NmnHnapOM0lsw,2021-09-07T00:57:44Z,Miss Chow，多謝你的分享。<br>像你的客人，得了肺癌治療出院後，如果日後需要長期服用藥物(如抗癌葯等)，這些葯費能否在高端住院醫療保險內受到保障呢？
UgzVMunmdPuX9uuDDKN4AaABAg,AhFTCdvi80k,UCMb3-rU6qJM3fuL6eZ_PhAA,2021-06-14T15:58:00Z,"Miss chow , 我反而想問如果我已經10年前買了舊式危疾保，只賠1次，是否值得cut單再重新買多重危疾保？因考慮到退保價值會蝕很多。"
UgwRQZSTAbohWQtrib94AaABAg,KKouNDgd0h0,UCe-EIZ6LFlgQqXdsfUmj5IA,2021-06-06T02:58:19Z,聲音太細聲聽唔清楚
UgyLTqj1iVEdbh_hJBt4AaABAg,kLXFKmdQN_4,UCz3YsG3ZwD-zmTJgd9CFq7A,2021-05-27T13:14:50Z,有啲保險公司背後無re-insurance 公司，所以不用跟re-insurance 公司規矩，所以a記不保，其他保險公司有機會保障埋
UgykqUhbEjV_k7XoCM14AaABAg,adVFQfqrEhM,UCLqfPTzBRtBLvl0QUen87lQ,2022-11-17T18:37:15Z,所以加價但冇不保事項都係件好事
UgzdqYz09xWfL1YT6854AaABAg,4ywyXL-2DYc,UCp9oxO7wUmgBvNzt-ztUn9w,2022-05-14T05:27:28Z,谢谢分享
Ugy4Jj-mGeD-EdWKbxJ4AaABAg,RiXcgXSpiNI,UCvm2_AmaCzfTuc8vCtNQsYw,2021-06-30T20:04:17Z,我自己都係岩入行的大學生。好鍾意你個channel俾左好多中肯意見。btw 其實啲片 收音可以再大聲啲
UgyGwYTY6Kf8woNGijx4AaABAg,6A11Z08QfDs,UC9F6FIMany1h8fPcIaN4XQA,2022-08-29T18:57:55Z,用危疾賠現金果d，可以用來去比高端醫療唔會賠嘅費用，例如一啲新式治療癌症嘅藥物。
UgzTE8pEmeYZ9oJvGSd4AaABAg,6A11Z08QfDs,UCEldQ_AFDc_-eaztTfZId2A,2022-02-23T14:00:49Z,"I&#39;m new in this line, your vedio gave a lot of information and warm messages to me, thank you so much!"
UgzF2G6amEMV1w6yv2F4AaABAg,FrTANC51tEg,UC_wCOyzgvU0zlpc1lpZVOkw,2021-05-21T16:58:16Z,多次賠償嘅危疾保險真係好有用，話說我早幾個月腦中風入院，不幸中之大幸能救回一命，也沒有殘障，不過要放長假休養。我十幾年前買咗第一份保額較少嘅一次性危疾保單，兩年前再買多一份多次危疾保險，剛剛申請理賠，第一份入紙claim完即刻close file，真係好好彩兩年前買咗多次危疾加重保障，以後仲有保障。而兩份危疾嘅理賠可以讓我有足夠嘅時間空間，重新考慮未來人生和工作嘅方向，唔使令到一家人好徬徨。
UgxSfyV0hKXpBCJ5Aeh4AaABAg,SNsVbH9BOTo,UCtmyX7SfD2wGmNEV7wGhH6Q,2021-12-27T01:55:43Z,👍🏻幾乎講中晒
UgwX7HgULi94aeuVvZF4AaABAg,SNsVbH9BOTo,UC2b_EYLuasV-B8YuJQJZrow,2021-05-21T18:01:29Z,聽講乙木需要磨練先成材，是要怎麼磨練法？
Ugyc-GzFG379v3MRrsR4AaABAg,KxS1J_rEpRU,UC4bQlk0yX5gDN9yIyZIw9Rw,2021-11-05T13:24:37Z,想問如果癸水從格呢？
Ugx_W5OgacLOvFaY9qd4AaABAg,xyMO9azqwi4,UCLqfPTzBRtBLvl0QUen87lQ,2022-11-09T01:41:14Z,之後住院冇轉返去私家？
UgyRGM4gOWIEJxnyQ4h4AaABAg,MI2_kd9ApjU,UCrEcaidctDzmtsbBU8MWS0g,2021-04-19T12:10:03Z,"Hello Mellisa , 好贴市 👍👍👍 ❤️❤️❤️"
UgwBE5A-NqHAXwpnOox4AaABAg,NNgVwuzY_GU,UCu3t5_p75668Gw8S5c_ZiNg,2021-04-19T19:08:24Z,Thanks share👏🏼👏🏼
UgzQN3bU6FYagOoAZp94AaABAg,7Lscpp6kidk,UCu3t5_p75668Gw8S5c_ZiNg,2021-04-15T17:10:24Z,我有野想問，其實買人寿，一個月500元，保額有800萬左右，但我既理解，一個人一生，應該有上限，以你所知，係幾多？<br>例如A公司保800萬，B公司再800萬？<br>一個普通人，不是律師醫生既話<br>有無1600萬/人頭？（大概買2份人寿）
Ugy7_HtT-fEECl9FfT14AaABAg,x_jcM9VB1ME,UC6fBOBdzv5jLP6BqpghxeKw,2021-04-02T14:05:27Z,如果小時候有做過尿道下裂手術同有專注力失調，十年前已經Close File，買左亞洲CEO PLAN，見健康問卷好像沒有相關問題可以申報，會唔會違反最高誠信原則，可以點做？
Ugz1g_1IdS5Z4Q23wJp4AaABAg,YfClNE3yhBk,UCs1FJN4elY7z9SCappgA52w,2022-04-08T06:11:20Z,其實香港呢幾年嘅情況都係全香港人嘅共業黎，又可以怪得邊個?! 身為一份子只好默默承受，就好似係呢度咁，一D正面客觀嘅片冇人會睇，相反一D嘩眾取寵嘅KOL受萬人景仰... 始終香港人都係喜歡見人PK憎人富，一萬幾千買份保險係呃人，一百萬幾十萬買個NFT頭象係投資就大把人去追捧... 做緊A的因，卻想要B的果... 😓
UgxE93mZlLGurEBTiAJ4AaABAg,YfClNE3yhBk,UCs1FJN4elY7z9SCappgA52w,2022-04-08T05:52:22Z,最近要幫屋企人REVIEW份保單，無意中發現到你個CHANNEL，的確有好多有用嘅資訊，於是我花兩日時間睇晒你百幾條影片，可以了解多D先再搵AGENT出黎REVIEW，雖然暫時訂閱人數唔算多，但希望你地堅持，支持你地，加油!!
UgzNzgeMAhhQjgvNXDd4AaABAg,YfClNE3yhBk,UCg04RaUkaUmN6-zPzEvmwkA,2021-05-27T10:02:50Z,一直有睇你d片  可五可以搵你買保險   我自己沒買任何保險
Ugw2Gq19aR807wWmZp54AaABAg,YfClNE3yhBk,UC2wDCOVpWf5tdCeU1xCbINQ,2021-05-02T11:37:43Z,👍
UgxW_98poruDfUm5WJ94AaABAg,YfClNE3yhBk,UCDuVmrlZYQ0L5KYHJJBFAgw,2021-03-24T18:37:16Z,我都在投保前，睇吓你的片和分析
UgxdQySDQ0ZLiidI8ax4AaABAg,YfClNE3yhBk,UCmvDck4cxe9h9ErgM-_JqKg,2021-03-18T11:41:27Z,你好呀，多謝你拍片教大家保險嘅知識！我同你一樣都做緊保險教育，大家加油！
UgxI-UlvpbRhWtHMp0t4AaABAg,YK5nGadzuyw,UCSGxytkRdFzDcoJ0TrRcIdg,2023-01-13T16:44:33Z,我28歲，今年買左aia高端醫療+危疾+意外保，只係怕退休個時冇錢比保費
UgwegDn_e7yoqNi78yx4AaABAg,YK5nGadzuyw,UC9F6FIMany1h8fPcIaN4XQA,2022-09-30T10:10:26Z,買高端醫療比多唔使兩倍嘅保費，但係有多70倍嘅保障限額，精明嘅人應該識得揀
Ugyo85xJgkGbcFvQW7F4AaABAg,YK5nGadzuyw,UC9F6FIMany1h8fPcIaN4XQA,2022-09-30T10:09:08Z,買到醫院，保險公司買唔買到
Ugwl3grelCf6CTu8j-F4AaABAg,YK5nGadzuyw,UC9F6FIMany1h8fPcIaN4XQA,2022-09-30T07:32:31Z,有$不代表捨得用咁多錢
UgwOShg-a1JpIt2ylO54AaABAg,YK5nGadzuyw,UCu3t5_p75668Gw8S5c_ZiNg,2021-04-16T19:07:38Z,加油💪🏽💪🏽💪🏽
Ugw12M1-IRLinf-Add14AaABAg,YK5nGadzuyw,UC7OUGIPx0HIB5HA2OSL-Zhg,2021-04-01T10:03:12Z,Alex 大家一齊加油💪🏻各方同業大家一定要堅持到底，永不放棄！♥️
UgxaKQlBEz59RXUUvBJ4AaABAg,t_jT0_rE14A,UCLqfPTzBRtBLvl0QUen87lQ,2022-11-24T17:11:15Z,可以買多間保險公司咪可以一億？ 好多人壽都不用報身高體重，為什麼
UgyBRyzRI5zoykS9i5B4AaABAg,t_jT0_rE14A,UCu3t5_p75668Gw8S5c_ZiNg,2021-04-16T18:42:45Z,謝謝你，非常感謝🙏🏽🙏🏽
UgyMs4pYsf1K6ELQtGF4AaABAg,Tr1h4B51KgY,UCrEcaidctDzmtsbBU8MWS0g,2021-03-02T06:42:03Z,"您好， Melissaa, ; 想问吓， 投保人 = POLICY HOLDER ? 受保人 = INSURED; 谢谢您；"
UgyfklwBwYILjPxHBrJ4AaABAg,sg_jpIhmbqs,UCn_kIvpf2-VGPLyNuGkCnZQ,2025-01-11T09:10:06Z,請問有招聘退休策劃從業員嗎?
UgwY03aTufsrVSJdWop4AaABAg,Aj7WtZgqa_k,UC7uyWUbWPPFcjIrav2DEFcg,2023-01-11T14:08:27Z,想問下如果投保人曾經索償過，在續保時會否收取額外保費?
UgxAeHgXmUIzDIUp7bR4AaABAg,iEh1dCCDKas,UCE3_MtglodiAk2RclZGla2w,2023-11-06T15:17:40Z,危疾用來賠償心靈上損失，話曬cancer 好慘
UgxRpdhtvB0FhS3YvT54AaABAg,y6lEQ-jLi58,UCCldjevhe--ZV2d74Knpysg,2024-01-07T19:41:00Z,最近因為搵保險嘅嘢發現你呢個Channel，你講得真係好好。多謝你。
UgxZiIsYSPY0TXb9KHR4AaABAg,KBdXf2om_K4,UCoIe9E7fhlciB0tKduN4RGg,2025-08-24T00:33:33Z,尹醫生講述很好
UgzuT5Wvmd7g8JyEGjR4AaABAg,KBdXf2om_K4,UCMJNmi1oX2265xTTGgc2Neg,2021-02-05T22:09:26Z,邊度可以搵到尹醫生？？
UgyKG7qmJdL9vYfhC614AaABAg,p47UXEVvSkE,UClXY2rhZG_WIAJtE2MDxWuA,2022-11-12T14:07:48Z,Where can I find a good life insurance for saving? I will be 60 years old in next year.
UgwEGrLT9ZNyk9n4rZF4AaABAg,IpV-wTMHShc,UCE3_MtglodiAk2RclZGla2w,2025-02-19T08:56:22Z,保險公司如有想吾賠就會查
Ugx2HSo42TqXWG5VBk14AaABAg,IpV-wTMHShc,UCE3_MtglodiAk2RclZGla2w,2025-02-08T08:31:10Z,大lemon coke
UgxgPSKegB7_zbRKlQ94AaABAg,IpV-wTMHShc,UCttNLcTOmjl6A0pBprAndpg,2024-06-01T17:12:25Z,香港醫生太惡。 私家診所我覺得好難查成本都好高。我只係想拎返自己個醫療記錄上訴，睇醫生時係收1千診金但拎個記錄就報價2千。 另外有一個醫生直情唔會幫人出醫療記錄，連病人要求copy返當日的consultation Note都唔得，除非拎住法庭搜令.........唔係都無計。   成本太高，唔係賠cancer都唔會咁查法而且多數都無乜野查到，非網絡醫生知係保險公司要報告開價1萬蚊1份都仲得
UgyBTRZzTtvouSfrbhd4AaABAg,IpV-wTMHShc,UCE3_MtglodiAk2RclZGla2w,2023-12-02T10:01:32Z,保險公司check唔check到一啲私人物理治療中心，或者一啲兒童發展中心嘅課程報讀記錄？ 例如幫助啲學習遲緩小童改善嘅課程，例如參加過協康會嘅課程會唔會check到？
UgzBmRugaKvRv5s0pkJ4AaABAg,IpV-wTMHShc,UCaNnN5bRYDfC7v1Ighuyw0A,2021-02-03T15:59:35Z,好多謝妳再次這麼用心和詳細地解答我的問題！有關「不得爭議」條款，即是除非受保人投保時存心欺騙或欠交保費，否則保單生效（通常）兩年後，保險公司便不會爭議保單，對受保人較有保障，這樣理解對嗎?
UgwJU5x7sLp1llbf_JJ4AaABAg,VDTwtsdVyRg,UCrE_OmhRD_qM8P-O6sdWbiw,2025-08-06T07:07:05Z,group medical 一定要用咗smm先？因為私人保險係有deductible
Ugzd67vhMKdLcc9bR7V4AaABAg,Fb_DFGICpFI,UCsYliyCu6K18ZSlcNjIdLLw,2021-11-06T09:00:37Z,"非常好的醫生,对我是恩人"
UgwZlDHN6b0gq5qMhgt4AaABAg,XDjC2Wqpg8c,UCMHEuFx4pgKdSIYHUwA889g,2021-02-02T14:50:49Z,你真的好专業👍👍👍令我感覺好安心！
UgzDG5gUQB-R27EdxUF4AaABAg,XDjC2Wqpg8c,UCMHEuFx4pgKdSIYHUwA889g,2021-02-02T14:48:11Z,如何先可以联絡到你？
UgymMa_MaEfsHvQOYih4AaABAg,XDjC2Wqpg8c,UCMHEuFx4pgKdSIYHUwA889g,2021-02-02T14:37:57Z,Miss Chau:請問我可以揾你帮我和阿仔做份保險計劃嗎？
UgxIkJDt7wWA6n6Rq-54AaABAg,Di9s4Ioml8Y,UCE3_MtglodiAk2RclZGla2w,2024-09-11T05:24:07Z,有不保事項，哭泣
UgxHiNwVRoru8ItUfL54AaABAg,Di9s4Ioml8Y,UCu3t5_p75668Gw8S5c_ZiNg,2021-04-07T19:44:17Z,正
UgxyFCwFDQkPBDU8pKF4AaABAg,Di9s4Ioml8Y,UCaNnN5bRYDfC7v1Ighuyw0A,2021-01-23T12:58:52Z,好多謝妳這麼快和詳細地解答我的問題！
UgyCixRJAWfoGNYCnqR4AaABAg,1N5mnxiG3HA,UCwyiqO7iOLrzodCM3fnv_WA,2021-11-17T02:13:28Z,很用心的影片，一直有觀看，謝謝醫生的講解，留意到你的手好像有些骨節改變，是類風濕嗎？
UgwWe0e7IWQi-Nmzh7p4AaABAg,y62M7hHp0go,UCRkhN5x9ygJRjT1KZ3It16w,2024-01-27T16:14:38Z,講得好快...............聽得辛苦
Ugy1QQEwNViGA6VgHpx4AaABAg,y62M7hHp0go,UC_bdiiDGtYgGriLGqTt0klA,2022-01-08T19:16:24Z,Thank you 🙏
Ugx-38iCr75dc2eU6tl4AaABAg,0KhtfR6ja8E,UCaxdVUi3QHtWC-p3LNvVyEQ,2023-10-12T09:52:38Z,有興趣戶進一步了解喎
Ugxlvj31iXny0UwfxSp4AaABAg,0KhtfR6ja8E,UCE3_MtglodiAk2RclZGla2w,2023-04-05T10:59:44Z,"可不可以同私家講價？ 2百幾萬？ 有冇水份？ 就算終身限額70,000,000都唔一定夠"
Ugw7mP1OQnD0xfbu9ed4AaABAg,0KhtfR6ja8E,UCE3_MtglodiAk2RclZGla2w,2023-03-28T19:24:10Z,一係吳好買，買一定要高端
UgziGQj4a3Qs7GxJviZ4AaABAg,0KhtfR6ja8E,UCeuGNqyrp7aOEqP11j8qC1w,2021-08-18T16:06:37Z,"保險公司在什麼情況批出預先批核,不批又是什麼情況?<br>其實在購買時冇虚報,漏報,而金額又在保額內,保險公司應冇得say no?<br>我朋友之前因視力下降,后發現是腦瘤,先在私家醫院做檢查,医生开價70萬,,其他未計,若沒有確切的預先批核訊息,根本冇得去做!<br>另如何分辨一個負責任的代理?因為就算親朋做代理,都唔一定跟得好!何況一些不認識的人向你推薦医療等產品!<br>多謝你頻道~長知識👍👍🤝"
Ugw08oc7fm_qRj3cZe54AaABAg,0KhtfR6ja8E,UCzKE4VJtHzwchnk35_LIDug,2021-01-17T16:45:14Z,對高端醫療重要性 重新認識 謝謝
UgwleeINeq2Yh4G_S9R4AaABAg,0KhtfR6ja8E,UCu3t5_p75668Gw8S5c_ZiNg,2021-01-14T19:52:26Z,多謝，加油
UgyCAqUWLK_Soy4tQct4AaABAg,0KhtfR6ja8E,UCm70EhTPKimwq1z5DaRw4zA,2021-01-13T05:43:13Z,你把聲好低音同收音又細聲....
UgyjNMLBRDSCILIVUWp4AaABAg,mOx0NQxkBqo,UCJwHee4fH9CBKbj3WL2Tkfg,2023-11-29T04:34:33Z,謝謝分享。請問片中提到可以轉保單的保險公司是可以轉甚麼類型的保單？
Ugw8QctNpmZE894DjPZ4AaABAg,hmQ7TbFYy0g,UCe-EIZ6LFlgQqXdsfUmj5IA,2020-12-31T05:10:54Z,继续加油
Ugwd8R0IpxqLRwkwDGB4AaABAg,cF-QCDQQV6E,UCu3t5_p75668Gw8S5c_ZiNg,2021-01-07T03:40:27Z,Thanks share
UgwuPynu74kqEgFVlBt4AaABAg,rUVBf2M1sQ0,UCTFmsxJ_B2UfXBsZmZcdBog,2024-05-18T10:15:38Z,其實儲蓄保險個實際年回報同proposal個回報差好遠，分分鐘仲低過定期<br>另外買左份高額醫保又點，個servicing agent冇責任幫你claim<br>可能個客遇着你肯跟進係佢既福氣<br>有d你唔幫佢開單佢根本懶得理你😅
UgzH9s3RLQdvuW45af14AaABAg,rUVBf2M1sQ0,UC38WCR1RsXYtM8AWF61UQvA,2021-11-12T01:31:12Z,聲音太小了
Ugz-VeyA3lzVeOdZLYx4AaABAg,rUVBf2M1sQ0,UClgZ9sfd25qI5BD9fQuVxyg,2021-01-18T02:55:42Z,好細聲
Ugx5fUMwQ77PxzsPs4V4AaABAg,F1R7GcLudv8,UCiuk9AHNW5hJLGYoqyQo5DQ,2022-09-15T15:01:51Z,"我也是因為這原因由life轉做GI, 公司逾來逾多智能配套，其實自己比到客人既價值的確逾來逾少。<br>現時做既GI ，面對企業客戶， 真正tailored made to clients<br>我其實都不相信AI會係一兩年完全取代agent, 但最怕就係五年後十年後，到時想轉身都因為年紀大而比較難"
UgxLk3yYjsNbm5lcFXd4AaABAg,CPFJjV_5JeY,UCJAtMmA6fX31O8-EsPr0TXQ,2021-02-08T10:32:14Z,多謝靚女導師的教誨。
UgyYMK3wTARWPlGBS_14AaABAg,CPFJjV_5JeY,UCe-EIZ6LFlgQqXdsfUmj5IA,2020-12-22T05:25:28Z,谢谢
UgyIOrcX_ANHZRj4tQh4AaABAg,9F1yH1SjlVA,UCmul328cfGuvyL4VM4tw2Gw,2020-12-21T05:16:14Z,結婚後，發覺太太好似4號性格的，好難適應，好自我同冇安全感。
UgxzagN1SRMOYu_GsXV4AaABAg,Bi9S2fPbG4U,UCJAtMmA6fX31O8-EsPr0TXQ,2021-02-20T02:37:38Z,靚女導師~閣下嘅解讀。。真係好清楚又清晰，獲益匪淺，貢獻良多，令人受用終身，非常多謝您！
Ugybr_NtvUFnVitAm5F4AaABAg,HDGWCdl5vR8,UCe-EIZ6LFlgQqXdsfUmj5IA,2020-12-16T05:05:06Z,謝謝你的分享
UgxhzD2roSZ62ih5ohV4AaABAg,onVcWB0ITUw,UCKWCQBjxT9UUZjpGO3HYesQ,2021-08-22T07:44:39Z,想了解更多
UgzXB41UKRu-l3yXSs94AaABAg,onVcWB0ITUw,UC4UJuaK_HlTQfBuHavS_6iQ,2021-03-18T18:17:15Z,另外補充返如果從政治角度分析，1.就算通返關都未必會放自由行，因為上面已收緊資金管制及限制出國外遊。2. 就是因為國安法，加上凍結戶口事件和增加移民潮出王現。，令到市民對金融體制冇信心而對投資相連保單有一定影響
Ugw3YHpm2_g7Aa_tqpR4AaABAg,onVcWB0ITUw,UC4UJuaK_HlTQfBuHavS_6iQ,2021-03-18T18:06:26Z,現在單靠本地客源，競爭力相當大，壓力又加大，不容易。
UgymSwNc7ajM69Goo2p4AaABAg,TVpra91NNvo,UCbbS6VL3BkFO3Ww-so3bjJw,2024-02-03T20:43:39Z,這種定期保險需要驗身嗎？
UgxKUx9UAGKOcYv0b7Z4AaABAg,TVpra91NNvo,UCmKnqlUZKgCqqDty3RbyeDQ,2021-07-27T00:50:02Z,"ms Chow,可以contact你嗎～我有保險方面想請教你"
UgxWtAwGMfuCHW-kJed4AaABAg,TVpra91NNvo,UCYzeN2kdRHm8c8Tp7-4RKSA,2020-12-08T13:32:58Z,有重疾功能的定期寿险叫乜野命啊？
UgyEdz8Utok9iMNVNzl4AaABAg,nrmgL-eQEQI,UCE3_MtglodiAk2RclZGla2w,2024-12-19T18:36:25Z,吳保已經有疾病個範圍好廣泛，分分鐘我中風就話我有高血壓，所以唔賠， 所以有極大嘅不確定
UgzgFjty9sMnZV0Ylvp4AaABAg,B2D_UpqyawU,UCkN8DKpsp-hElPLlFUuHtDg,2022-08-30T09:21:46Z,"請問客退保後, AGENT 會否須退回內佣金收入給公司?"
Ugx6-5dSMQniEHpuYu94AaABAg,B2D_UpqyawU,UCBcizu9XsXx3YMTUsnvOmPQ,2021-06-10T11:08:48Z,"我只係做左1年野就轉行,,, 會唔會唔岩做 無咩錢"
Ugw4Y6TNPsfgYOfulZ54AaABAg,B2D_UpqyawU,UCMSUpOW2uapzIBB1XgG1SyA,2021-04-10T02:36:10Z,你收音唔好，吾想睇
UgyO7xUb5oO9Opza5HF4AaABAg,B2D_UpqyawU,UC4UJuaK_HlTQfBuHavS_6iQ,2021-03-19T08:17:40Z,適吾適合做保險行業還有兩種看法 一種是佣金制（是香港制度）專業制（外國制度），有些人是未必適合佣金制。
Ugx7nfQexlwMbaTDemp4AaABAg,6tauux2E_gA,UCbkYWy-rWqRiiiFwbC7Bp3w,2021-11-04T12:58:22Z,好中肯和專業的分析👍
UgzO2SNLJdLTZHn_kmt4AaABAg,_o8HA9LIf1Y,UCFyIzyVwM3roiItYempTvAA,2024-11-12T03:16:22Z,請問6號適合什麼工作？
UgyCqJW5Kgpfc4-_6GF4AaABAg,FUMd7N18XJk,UCE3_MtglodiAk2RclZGla2w,2024-01-17T06:14:55Z,保到claim 時方恨少
UgyavmQ9t3gsO5uE0O54AaABAg,5766ebLt14A,UCE3_MtglodiAk2RclZGla2w,2024-12-22T00:42:24Z,有病才想買保險，正常
UgwkMQgCguAXj-svBkV4AaABAg,5766ebLt14A,UCm4RRalHU2OamkIKGssZzAg,2021-08-09T05:55:07Z,請問哪間保險公司可以買到？請提示，Thanks!
UgyZ34PjmL1RA-GrcwF4AaABAg,1qjB34DHh8E,UC9F6FIMany1h8fPcIaN4XQA,2022-09-28T11:12:44Z,同意
UgxJ58pAEcgIZNFh7nd4AaABAg,KJvM0EV3Q5A,UCE3_MtglodiAk2RclZGla2w,2025-07-29T09:58:23Z,有邊間保險公司冇限制精神科入院？
Ugw7QBkbyQzHBvEkwtp4AaABAg,oETtOG0Y89w,UCbWg_7xISD3eMrimzEhDijg,2023-02-28T12:38:34Z,不好意思，請問一下，曾經做過乳腺纖維瘤手術，已康復了，自願性醫保會有不保事項之外，癌症保險這part都會是不保事項嗎？
Ugwsix0bO08UpFo3Ug54AaABAg,oETtOG0Y89w,UCE3_MtglodiAk2RclZGla2w,2023-01-25T19:19:31Z,食補品做健身嗰條友根本唔知道好多癌症病人都成日做運動，一樣中
UgzVkPTFq9vMaQo9vnZ4AaABAg,oETtOG0Y89w,UCLqfPTzBRtBLvl0QUen87lQ,2022-11-09T19:08:45Z,不是先天性不包？
UgzTkwV3z2EftVxkbJB4AaABAg,qjaXWSVwdq8,UCE3_MtglodiAk2RclZGla2w,2025-05-27T04:53:32Z,有病才想起買保險係大多數人的天性
UgzVExf1Ur2GsxgHjPd4AaABAg,qjaXWSVwdq8,UCGfDV9FgrwSsTlZFJjc3__A,2023-03-18T02:07:50Z,claims錢時，想問保險公司除咗第醫院紀錄之外，每間保險公司會唔會互相check 客人之前claims record ?
UgzWfQk8GHXUAGi4axh4AaABAg,qjaXWSVwdq8,UCZ7U-yl9jgXO6ZeTj3sXSjQ,2020-10-30T01:47:39Z,"Miss Chow, I shared to my friend, thank you so much! 🙏🙏"
Ugx73utZLdSevD5xNUJ4AaABAg,34vIzm9_HaQ,UC00LHjZcwOh_YeVWr4TnHCw,2023-02-11T15:15:11Z,為甚麼得
UgzbIk_-yZFEh4bNuel4AaABAg,CQwRJGbZQGw,UCaNnN5bRYDfC7v1Ighuyw0A,2021-01-27T04:48:49Z,請問如果投保後5年才有病入院，保險公司還會否對過往病歷check得那麼嚴格嗎? 還會因為漏報不相干的病歷而取消保單嗎?
Ugy7bAbHyajeIqAhKGd4AaABAg,CuH7GTZmg6Q,UCosxba04b9TGdnfDQVMJDLg,2025-09-20T14:58:59Z,為什麼幾間保險公司都說，若我五年內無新發生的病變，又沒有任何服藥或覆診，以前的病歴紀錄不用申報😢？我是否要堅持自行申報呢？
UgxnTctfc9_H-JBCApd4AaABAg,CuH7GTZmg6Q,UCjVvULbKv6V6DTEnlR5LzIQ,2025-09-14T02:45:12Z,請問如果我已經買咗全面保險，咁自願醫保係什麼一回事？
UgwT-dxZQB7CAqBpth54AaABAg,CuH7GTZmg6Q,UCijbzBG2yvf5bqAfFTq085g,2025-09-06T09:55:41Z,"如果保險公司加咗exclusion, 比如不保個肺的話，假如受保人不幸患上肺癌，咁保險公司當然唔會保，對嗎？咁如果肺癌抗散去其他器官，那麼受影響的其他器官治療，保險公司又保唔保呢？如果保險公司argue話因為個病係由肺癌引起，所以唔會保，咁買咗有 EXCLUSIONS 保單嘅人咪好冇保障？你永遠唔會知保險公司怎樣介定關連性疾病！"
Ugwn2CD6NEmsJULf9sF4AaABAg,CuH7GTZmg6Q,UCABYCxfN42WjzjzIRLJh_Lg,2023-07-08T00:08:59Z,又話唔洗驗身
UgwMT7pEW6PzU77qQup4AaABAg,CuH7GTZmg6Q,UCex1Twy24ZvDPZG--EzRU0w,2023-02-11T12:59:28Z,境外醫療紀錄點樣申報
UgwxJ2ICAdMGOErSMiB4AaABAg,CuH7GTZmg6Q,UCj6R0F-Ne7XeGicFM8vrU7Q,2023-01-30T17:28:00Z,細病睇中醫調理😂
UgzkX-RcllckHyuAb2t4AaABAg,CuH7GTZmg6Q,UC9F6FIMany1h8fPcIaN4XQA,2022-10-04T02:21:58Z,申報得多係保護自己，吾係到時有藉口不賠
UgyYNg4-8mntuMHKGHx4AaABAg,CuH7GTZmg6Q,UC_BMFJXyfRsd2QnKbNs9_2g,2022-09-04T10:42:57Z,無買醫保/但有糖尿病及虹膜炎會不受保?
Ugzcw-GCA_kaQtKHdfl4AaABAg,CuH7GTZmg6Q,UClY9Yz5NpDGOM8HIGohTULg,2022-08-05T13:48:14Z,你好，請問如果我有一份傳統的醫療保險（每年上限15萬+Top Up12.5萬）2017年確診乳癌，並發現這份保險不夠用，我還能買一份自願醫保（靈活計劃-有墊底費）？
UgxpRP3b_N1Y6ZJCnOJ4AaABAg,CuH7GTZmg6Q,UCim1tGlqzMADgBVEwfFhAtg,2022-03-12T14:16:24Z,"見過文章報道, 牙周病可引致心臟病,  投保自願醫保時,是否要申報曾經有牙周病呢"
UgzrRIMhAlVEY5QyihN4AaABAg,CuH7GTZmg6Q,UCim1tGlqzMADgBVEwfFhAtg,2022-03-12T14:12:37Z,"飛蚊症算唔算病, 是否要申報"
UgxoVDhdnUZeh0QPjZd4AaABAg,CuH7GTZmg6Q,UC0rg-RO9DDuXBbiKFKFp7Xg,2021-10-19T16:05:00Z,你好，我係小市民一個，好似冇咩大病過，小病一兩次，但醫生都冇話俾我聽我患咩病<br>但買保險，點樣申報呀？<br><br>我可唔可以／在那裏索取我自己的病歷，報俾保險公司知？ thx
UgytnmaLkIEy6ce68ll4AaABAg,CuH7GTZmg6Q,UCm4RRalHU2OamkIKGssZzAg,2021-08-02T16:06:06Z,"假如如你所說先接受了有不保事項或加價的住院保障後，(即是買咗先), 翌年繼續尋找其他保險公司承保可以嗎？"
UgzZvjt9v-ZOwq-pn6J4AaABAg,CuH7GTZmg6Q,UCiPSpWrvaD-rFZXy74di52A,2021-06-11T11:55:42Z,你好 本身有份住院保險 但剛剛確診乳癌 手術後還可以轉自願醫保嗎? 是不是自願醫保不用睇過往病歷?thx
UgzPIrvdYE2geWz5na54AaABAg,vSm-wogSRr8,UCE3_MtglodiAk2RclZGla2w,2023-02-21T06:25:14Z,"咁本身有病冇保險, 去嗰啲公司做員工，咪可以間接買到保險?"
Ugwetw0OphANLK56bIZ4AaABAg,vSm-wogSRr8,UCbWg_7xISD3eMrimzEhDijg,2022-12-15T10:48:00Z,不好意思，我想是想看投保申報病歷解說的2條短片，好像跳過了(心臟病都可以買自願醫保嗎那一集裡面的），謝謝您。
UgwgUyLe88S0jG0QOf94AaABAg,vSm-wogSRr8,UCbWg_7xISD3eMrimzEhDijg,2022-12-15T06:27:35Z,請問影片可以從那裡接收看呢？
Ugwsda7ao-d3ErYT0w94AaABAg,ezmWdk3N5ek,UCmDg1I87adXMAo32JrMZ9sQ,2022-10-31T02:44:12Z,多儲東西，不一定是七號，其他號碼都會，重點是動機和出發點，例如：六號会儲東西，目的係唔怕一萬，最怕萬一，無點算？三號亦會，看！我有多麽多的正嘢，目的炫耀。哈哈！
Ugwb5l_Kzs3QGTc-YR14AaABAg,ezmWdk3N5ek,UCBXgioBEuvPPKshlGbh-xRg,2022-10-18T16:17:05Z,我見過一個鐘意儲女人的照片，whatspp大把女人聯絡。最后痛心地拜拜
UgwM48chGTXT_x_EBLV4AaABAg,ezmWdk3N5ek,UC7EAvWkJeFkB_7y4-v9UCgA,2022-02-21T17:36:25Z,我是7號。不喜歡儲野。因為太多野太煩。我都喜歡做義工但。。。。。。很短。。。。久不久做下。。。我的確很容易有意念出來所有很易念來念去。轉來轉去
Ugyf2ncSf3sSZmgRnnF4AaABAg,WICiLxM4yws,UCg4a8Ju0AGsYx6L2j0cUdlw,2022-02-12T10:21:24Z,我係5wing4 比情緒影響得好煩惱
Ugw6kNiyonZ9cspCsKB4AaABAg,WICiLxM4yws,UCbt_M1inmILq5Xer1dIJUog,2022-02-05T15:02:54Z,我自己就係5號仔（test過），讀書唔叻.....，但係對自己鍾意嘅嘢就特別擁有花時間去做，同你講嘅一樣，人哋唔知我講乜嘢命，表達能力唔好。但係比較煩腦嘅係想問一下，5號仔適合什麼工作如果分析同思考為先？？？
UgzzYbvDVJUXEOZd1z54AaABAg,enCBhkFC5ug,UC0pEnXMbrb9ZJBqi3j1g-ow,2022-05-24T15:15:03Z,你很有耐心，听你讲话很舒服。感恩你的分享。💙🌈
Ugzik-8k1PxBI_8yEzV4AaABAg,enCBhkFC5ug,UCFQpgktGTR7WHSPCGYvvY-g,2021-12-24T18:03:08Z,三號人無情無品無人性，真正小人，為求成功不擇手段，可以係人渣極品。
UgxCYiFb3Z3GyAFRnzl4AaABAg,Wt5zTdqBEHg,UCj9vr4mN-E_JrLnnJ91-phA,2024-12-17T00:27:07Z,我系1號性格，我同我上司同同事嘅關係都唔好
UgwVLkjDWLB0aLu0apJ4AaABAg,Wt5zTdqBEHg,UCBXgioBEuvPPKshlGbh-xRg,2022-10-18T15:30:52Z,"性格1, 5, 8 的混合，又合做那些行業呢"
Ugz-XLoXxNud-sGRdsx4AaABAg,N5SB1YThixI,UChItWOlVjt9ytpLMFYOiWRA,2020-10-05T20:26:04Z,"Hi, Insurance Class.   enjoyable video. thank. :)"
UgxqtI3bErCwFftCu6p4AaABAg,uCfhVlj8ozs,UCI3J48rtwjgT-zNEwJQYYZg,2022-02-19T00:25:53Z,中咗肺炎之後係咪買唔到 或者較難買到保險？
UgyZI2qQEOWZkYUa_q94AaABAg,uCfhVlj8ozs,UCzjvBnP11d6qY0dp96U-FGQ,2020-09-22T06:11:41Z,大家好，我是英國保誠經理，香港保險AFS認證理財策劃師，我姓蔡，可以叫我Alex，微信CSHANGGG，主力為全球客戶提供香港保險服務，當中包括但不限於家庭及企業資產配置、危疾、醫療保障、教育基金、退休儲蓄、美元資金轉移配置，香港銀行開戶等都可以聯繫我，歡迎咨詢！
UgwlgZIcEjpnn8MYK994AaABAg,ZvE6T1rgGb8,UCe-EIZ6LFlgQqXdsfUmj5IA,2020-09-17T03:07:00Z,谢谢分享
UgzzOYLX1aLStpuEKWR4AaABAg,HphCV-L1bsw,UCtasYuUoD80GQSn69zaJNHg,2023-03-18T16:42:15Z,多謝分享，講得好好❤
UgzW7sdi7w1YqsFJxd94AaABAg,HphCV-L1bsw,UCScksRE9TeDcLCsTMpC-Sew,2020-10-25T14:54:12Z,"36,37 一樣？"
Ugxmg7R-s1kof8SQg9F4AaABAg,-dalulNKM6c,UCE3_MtglodiAk2RclZGla2w,2024-12-01T07:35:36Z,危疾現金係俾你用嚟做生活費，唔應該愛嚟當高端醫療咁醫，因為危疾現金嘅保費係貴過高端醫療，所以用同一筆錢去醫係唔正確，加上高端醫療基本上係醫你入院所有嘅病，覆蓋範圍最廣泛，所以建議先配置高端醫療先，再諗危疾保險，加上有冇錢過你手都影響好大，危疾現金係賠錢俾你，賠咗俾你，你捨唔捨得用先？反而高端醫療唔存在捨唔捨得，因為你係冇得益。
Ugzu6nfwBb-PYXaWzqR4AaABAg,-dalulNKM6c,UCGzNwcIeMWt2feTyENnpUEA,2022-11-13T14:03:52Z,請問可以點樣買到呢？
UgywKOtvoaeD3jfN7UN4AaABAg,-dalulNKM6c,UCY7baL0B2w3Hdp_Gz9f7Wdw,2022-06-13T12:15:27Z,希望你所有視頻都有字幕 會help到更多人耐心睇
UgyAyNBBrYWK7uGZNeF4AaABAg,-dalulNKM6c,UCPJk5vVoWSegeVLiNKk9vzw,2022-02-17T05:29:16Z,你講得好中肯，好易明。<br>十分受用。
UgwjRMG-9B2hOPoi9G14AaABAg,-dalulNKM6c,UC90jlCKSKFJzuXX3mL27WVw,2021-08-22T10:07:30Z,人性同現金流，多謝解說重點。
UgyRJg1IeYYA3e2Mdl14AaABAg,-dalulNKM6c,UCeuGNqyrp7aOEqP11j8qC1w,2021-08-17T16:32:51Z,"正在比較緊D高端医保,請問閣下是那間公司?另外~如片中所述,保險公司並非善堂,一個40多歲的,只5百多元一個月的保費(可能有2-3萬墊底)便可享高達2千萬的医療保障,更是由入院至出院,到后續治療等也有預付,保險公司若當中有一至兩人中了癌症等,要收多少個才能平衡到?只好奇一問,也希望收到的回覆及計劃可比較!thx"
UgwbVXrHuZn54YxT4K54AaABAg,-dalulNKM6c,UCRrZ4XYsymR18-mjzYrAEig,2021-06-12T15:30:47Z,我有興趣了解高端醫療，可以給我多些資料及危疾資料給我嗎？
Ugz64RaO1H6wui2pXEB4AaABAg,-dalulNKM6c,UCUGsEzdeM_hbYLOkXDXAg_w,2021-04-08T06:56:39Z,危疾保險，老實講槓桿太低，消費型，每年幾千蚊保費，保額得50萬（多年前買落），所以我剛剛都係cut咗它。反而高端醫療的槓桿大好多，保費多少少，已經保到近3000萬一年。
Ugy1si0kUvtFUtHBbHd4AaABAg,-dalulNKM6c,UCaNnN5bRYDfC7v1Ighuyw0A,2021-01-20T13:24:53Z,妳講得好好，聽完妳的分析，我更認為應買高端醫保。事實上，我前天才投保信Ｘ的高端醫保，但因頸痛，現正接受物理治療，因此被列為不保事項，另外，半年前曾膝痛，針灸完已康復，但亦被列為不保事項。代理話可明年續保時要求取消不保事項。請問機會大嗎? 就算已列為可保，將來若頸或膝蓋有事要做手術，保險公司會否推說為已存在疾病，不肯賠償呢? 很擔心。期待妳的專業意見，非常感謝！
UgxlLL-ge-orHqCARqJ4AaABAg,-dalulNKM6c,UCu3t5_p75668Gw8S5c_ZiNg,2020-09-11T14:01:34Z,😭😭好感動！首先多謝你既分享，無諗到你真係會拍，我可以成個share比太太，唔洗再口述😂，真係好清晰！最近係屋企都比較有時間，心血來潮，搵反保單去了解反自己買左乜，再細心了解反內容，我估好多人買左就算，包括我都係，而且講到底都係想自己出事時，有多一份保障，我自己對高端醫療真係好有兴趣！而且原來有預付款服務，我真係唔知，點都好！thanks你詳盡share ！我一定會 share，留言，like🤟🏼🤟🏼
UgyBjRY8EQuyoCKKhS94AaABAg,bPCX74VVrKI,UCu3t5_p75668Gw8S5c_ZiNg,2020-09-06T20:40:19Z,Nice👍🏼👍🏼👍🏼👍🏼
Ugyv3nm82YLDTBwLJwd4AaABAg,SF_4vj1IEjc,UC7uyWUbWPPFcjIrav2DEFcg,2021-12-18T05:50:32Z,"解釋清楚, 但如說話速度快些會更好"
Ugw2LkdFfCfkDnU35N14AaABAg,SF_4vj1IEjc,UCe-EIZ6LFlgQqXdsfUmj5IA,2020-08-30T02:12:28Z,谢谢，加油
UgwTgrLueSMJ_uQI7IV4AaABAg,AyA8a7LHZyc,UCFaHxPRKcJuJXdgkp_Zr3ag,2022-08-31T05:38:47Z,把聲沉不夠大聲，聽得辛苦。
UgzSEplOR2P-UPDoLWh4AaABAg,AyA8a7LHZyc,UCe-EIZ6LFlgQqXdsfUmj5IA,2020-08-29T13:02:30Z,谢谢分享
UgwS2WMRri4w9jTvcmx4AaABAg,8-TcG_GCblA,UCGOt-_GhVaM1d1CzWEQxjfw,2021-06-09T14:15:46Z,請問什麼搬屋公司？我下個月搬屋。
UgzjjxCCIX9w0ajGgRh4AaABAg,8-TcG_GCblA,UC2Awlo05x2WUlNx8cS6MWig,2020-11-29T03:50:02Z,你好，謝謝你的分享，希望你可以俾果間搬運公司既名我，謝謝你
UgycDqD-RTqnavo7Fzd4AaABAg,8-TcG_GCblA,UCc6DMQHqaU3NeezNj-EMfBA,2020-09-09T01:43:39Z,您談吐好斯文！點解不介紹個apps？我想知道是什麼搬屋公司？因為月尾要搬屋，我試過搵了一間假的人人搬屋，一堆南亞睿人過嚟搬屋，花言巧語，我一個女人，嚇都嚇死了，又整花曬d傢俬，又打爛箱裡面的玻璃，我一個人，都不知道看住d狗，還是顧著個夾萬！我想搵一間放心，妥當的搬屋公司，＄預了洗，請分享！
UgywhjWnMM1Bo5uPJtl4AaABAg,zXouPzI1RkA,UCuZlSGf3j_hT0zBoyvURDUA,2022-01-23T05:30:20Z,因為每天愛妳多一些
UgxiYNYlOWORMo7KO414AaABAg,zXouPzI1RkA,UC_wCOyzgvU0zlpc1lpZVOkw,2020-09-27T11:44:52Z,"我以前聽到「保險」就覺得煩，好討厭收到保險Agent嘅電話。<br>自從身邊好多人開始有病，然後開始幫公司張羅Group Medical, 意識到保險嘅功能和重要性。<br>找了很多資料做參考比較，然後才慢慢Renew自己和家人嘅保單。<br>有時候無聊時在youtube 搜尋保險相關影片，確實如Miss Chow所講，現在最多人觀看的保險影片都是嘩眾取寵。<br>Insurance class的影片很客觀平實，講解得比我的Agent還清晰客觀，會推薦給其他人看。因為很多人完全沒有概念，連怎樣問Agent也亳無頭緖。所以先在youtube看片，其實很有幫助。"
Ugx6Y38n_8KtSbTReiV4AaABAg,xLIYBbV9C6Q,UCe-EIZ6LFlgQqXdsfUmj5IA,2020-08-05T07:43:54Z,好精彩的故事， 謝謝你的分享， 繼續努力加油
UgxO6WlqP_U9UEEQB-V4AaABAg,Xdiiq5iyHJ8,UCftk1SvxN63IshBg7DWhuqA,2020-06-24T08:17:24Z,教練好瘦
Ugz_EY3YfFelbfp9Xwd4AaABAg,Xdiiq5iyHJ8,UC8tQ1sRMXBwVBIBaYyJ7uiQ,2020-06-24T08:13:28Z,教練 anson ❤️❤️❤️
UgwXpqmQHbUf5vHFwf54AaABAg,26OB3jkLYdY,UCZ7U-yl9jgXO6ZeTj3sXSjQ,2020-10-26T09:34:25Z,你講得好好，多謝你分享心得
UgzIPZyQQjnW2Qyq6hV4AaABAg,mlCr7bTE9_k,UCE3_MtglodiAk2RclZGla2w,2023-04-23T00:22:03Z,住咁多日， 淨係比雜費都比死你！
UgxvxuunJARhlvtF0ep4AaABAg,mlCr7bTE9_k,UCLqfPTzBRtBLvl0QUen87lQ,2022-11-30T16:40:39Z,不是高端，買來也多餘
UgyrdCwZWPh8SevTSmp4AaABAg,3nT6dcdp3xw,UCE3_MtglodiAk2RclZGla2w,2023-10-16T01:29:04Z,"平都冇用, 保障夠先得㗎"
Ugzich4Gi4DKdXmsivt4AaABAg,3nT6dcdp3xw,UCim1tGlqzMADgBVEwfFhAtg,2022-03-10T05:24:54Z,量力而為！ 10年前有幾個朋友有癌症，無買醫療保險，去睇政府，現在已痊癒無復發，生活也過得很好
UgwrQjEp_Ck-9ofPTZF4AaABAg,3nT6dcdp3xw,UCgSSPg1rPFxE8JKAbG0QUSg,2020-11-15T16:04:30Z,保險都係一分錢一分貨～
UgwhY_A4y65AQTXXS754AaABAg,4q2NDitB04Q,UCOgEdmZOMZwHs270rLKHQXw,2021-03-22T05:25:22Z,"<a href=""https://www.youtube.com/watch?v=4q2NDitB04Q&amp;t=188"">3:08</a> axa智尊守慧, 未知的已存在病症，好似係唔洗等30日就可以賠？有錯請糾正"
Ugw3UMlzBic7KD6GRx54AaABAg,K6Sb0av6i3c,UCbWg_7xISD3eMrimzEhDijg,2022-12-16T18:56:54Z,您好，想請教一下，不明白的是：如果想投保自願醫保，是否會不保已有疾病（例如癌症都是有機會復發）。是的話，買都沒有用了嗎？
UgxXWlZ0EqZjmTzq13V4AaABAg,ODI3G22AVoY,UCJKThqDlOnrTD_yk7xskH4g,2024-11-03T05:51:13Z,危疾賠唔賠阿咁
Ugy8mxNbhg2u10M_Q4F4AaABAg,ODI3G22AVoY,UCE3_MtglodiAk2RclZGla2w,2023-03-20T17:05:35Z,咁危疾plan 呢？有冇未知的已存在疾病？
UgxCw2spC_hHPqUcn0J4AaABAg,ODI3G22AVoY,UCXZXLAFx8bqtNAEoU6gcpjQ,2022-11-26T06:25:37Z,"想問下如果有買標準同高端醫療呢兩份保單,然後發現有未知已有存在疾病,甘究竟個等候期應該跟邊份?"
UgzM9n-7QaIcIip40vV4AaABAg,ODI3G22AVoY,UCSr31AVMBJGAh7Cl4Fjx8dg,2021-06-14T15:40:58Z,Thank you for the video. could you compare this clause for the CEO plans in the market?
UgwzFqoC0FjWA3CC5YN4AaABAg,j5Ea6C67K6M,UCH_NOt0Ty-c97WvOp_VGWBw,2022-06-06T05:44:01Z,支持，係講得好好
UgzWgMqbmdLZFqbJkSt4AaABAg,XlDWBLN3czA,UCy7s_G5k0Dny-ijjKz4wEOw,2021-04-05T12:40:33Z,太細聲，聲音太沉
UgyI-kdGZfWVkFU_6-p4AaABAg,4kF0TuOPH4Y,UCYC1pUIibs8nkWrfAr1C4hA,2021-09-12T07:49:17Z,"你好！聲音似乎比正常低了一半level,幾個video都係。😄"
UgyPPQsWQnmDgUKTNUp4AaABAg,4kF0TuOPH4Y,UCdFoelbBX09XlP-ZJtrZurQ,2020-12-18T08:57:36Z,一般重疾也不会建议供10年！应该建议供20年
UgzAA7EEneuqTVqXVst4AaABAg,4kF0TuOPH4Y,UCdFoelbBX09XlP-ZJtrZurQ,2020-12-18T08:56:25Z,85岁？现在都是保到100岁哦
Ugx2BI1xosr-fzi135F4AaABAg,YPso4avmbcI,UCQtcGj0rT85JB-jKac1fHjw,2023-09-01T12:10:51Z,"好細聲, 聽唔到"
UgzjziRd42Q-CSx8AYh4AaABAg,YPso4avmbcI,UCj6R0F-Ne7XeGicFM8vrU7Q,2023-01-30T17:23:15Z,多重危疾，每個月保費好貴。
Ugyww8kQccNnOklu40F4AaABAg,YPso4avmbcI,UCFaHxPRKcJuJXdgkp_Zr3ag,2022-08-31T05:31:22Z,請大聲
UgwxhJXeKXgufGHhor54AaABAg,YPso4avmbcI,UCjgi9qa978qE7lvJ5fVdoZQ,2021-11-10T10:19:27Z,Even better if can speak louder or use a microphone
UgwtTA442TtQlXAHJeR4AaABAg,YPso4avmbcI,UCthfWz5ixYGI9hsMgdzbMTA,2021-05-03T09:43:34Z,請問如果生病了要申請危疾保險理賠，如已取得醫院醫事報告一般需要等多久才能完成審批，安排理賠款項？
UgyB-bZVG3pKYAkeKuJ4AaABAg,YPso4avmbcI,UCYzeN2kdRHm8c8Tp7-4RKSA,2020-12-05T00:52:37Z,靓女你所讲的重疾系咪终身危疾啊？我见好多保险公司的字眼都唔同唔识分
UgwJ78HidDcALlH7Zet4AaABAg,YPso4avmbcI,UCu3t5_p75668Gw8S5c_ZiNg,2020-09-06T20:25:01Z,期待你再有新介紹，我最近真的一直留意危疾，大家加油
UgxCiX9ib_4_tchnVoh4AaABAg,YPso4avmbcI,UCu3t5_p75668Gw8S5c_ZiNg,2020-09-06T20:16:37Z,多謝分享
UgyXL_guREhuebyxNGF4AaABAg,iWxXu5LmiuE,UClXY2rhZG_WIAJtE2MDxWuA,2022-11-12T14:04:48Z,Where can I find a good life insurance companies for savings life insurance for myself?
UgxmU2VY2kqx7tIBFXF4AaABAg,iWxXu5LmiuE,UCp5mlQl3uGu1Gku2gT-Pfbw,2022-10-13T12:26:06Z,下次可以大聲啲🗣🗣
UgxAWelJKEa7Jea3cPl4AaABAg,iWxXu5LmiuE,UCo-r_TgOImnZkIE2ABK8avQ,2022-07-12T08:31:31Z,好細聲......
Ugyyo38er86d1Bq6vX54AaABAg,iWxXu5LmiuE,UCtmyX7SfD2wGmNEV7wGhH6Q,2021-12-30T00:58:14Z,我都想加入保險行業，請問你哋係邊一間保險公司呢😊
Ugy-z6XQyzIhArMQL5B4AaABAg,iWxXu5LmiuE,UCRhyv6k0tUWPpMg-dY4oMwA,2020-08-23T03:36:00Z,好的保險公司標準是什麼？怎麼選擇？
Ugxp8oXaQgv02TGCvPF4AaABAg,9J97l3wLBiE,UCh_cMPNv48kFXHQvRfNwMlQ,2023-04-02T18:40:16Z,你好<br>我本身已經買了一份儲蓄保，個經紀再揾我買第二份，其實應唔應該買兩份？🙏
Ugw_7a0TBWTU79zDHvZ4AaABAg,9J97l3wLBiE,UClS79GQV79vpHY1-IqGkMYg,2021-07-06T00:37:46Z,Thank you for sharing😊
UgyGb4SCisCD8VIUJRZ4AaABAg,9J97l3wLBiE,UCYzeN2kdRHm8c8Tp7-4RKSA,2020-12-05T01:58:54Z,靓女！我32岁男 职业司机 每月23000我想买份保险请问我应该点样买？
UgyhyYLtUyiNfFbJ1IB4AaABAg,kbjqy6zmEtI,UCJwHee4fH9CBKbj3WL2Tkfg,2023-11-20T01:29:03Z,多謝分享。請問有關醫院的雜費方面，很多診斷成像檢測（例如磁力共振）和專科醫生諮詢都是在住院前做，這些費用是否都不能賠？
Ugx1Zxop4SJb2Wicw_t4AaABAg,kbjqy6zmEtI,UCLqfPTzBRtBLvl0QUen87lQ,2022-11-30T17:08:19Z,可以住到180 日，比雜費也比窮你
UgySR9_ZBkc7Tu-YFUh4AaABAg,kbjqy6zmEtI,UCQtcGj0rT85JB-jKac1fHjw,2021-05-23T07:55:07Z,好細聲，唔係聽得好清楚
UgyMI_rYBdYCjE3MJXt4AaABAg,kbjqy6zmEtI,UCaNnN5bRYDfC7v1Ighuyw0A,2021-01-23T02:31:40Z,"多謝妳的分析, 令我大概明白兩者的分別。"
UgyMSFHkJgFBJoGCEnx4AaABAg,kbjqy6zmEtI,UCZA1roI3-oYYs5vKuL_gpRg,2020-11-20T05:06:29Z,謝謝分享，夠客觀，持平🙏
UgwxfoGAvJ7TENeNrxt4AaABAg,kbjqy6zmEtI,UCe-EIZ6LFlgQqXdsfUmj5IA,2020-08-05T06:52:52Z,谢谢分享，但声音好细
UgwmiImqjRjoBJ6dcuB4AaABAg,sLQ78Eks5Rw,UCDCZJTsNyBMveCc0_3n8y2w,2021-04-20T17:55:40Z,請問你係邊間保險公司？<br>點樣可以搵你了解一D保險同投保？
UgwBM9ufvAnjSHUIGux4AaABAg,w2z3cIm9yLs,UCE3_MtglodiAk2RclZGla2w,2025-01-11T00:39:03Z,你點止小康之家
UgzRDlmrbHJ-njPAYgF4AaABAg,w2z3cIm9yLs,UCE3_MtglodiAk2RclZGla2w,2023-01-11T16:19:52Z,保到用時方恨少
UgwVz6iael12UR5_FtR4AaABAg,w2z3cIm9yLs,UC5ytoq57MVd2lVdLCYbxw9w,2021-05-14T03:41:19Z,"您好Ms. Chau,<br><br><br>Ms. Chau, <br><br>您好！<br>本人快將登6, 女性，想多了解有関小病，中病，大病的保险種類。先謝謝妳。<br>等候您的"
UgxG_60_leWmnWa8CrV4AaABAg,h7JzBxciaNA,UCLqfPTzBRtBLvl0QUen87lQ,2022-10-12T06:37:12Z,保到用時方恨少
UgzS9AdVDyB7GH3Mby14AaABAg,h7JzBxciaNA,UCLqfPTzBRtBLvl0QUen87lQ,2022-10-12T06:30:27Z,危疾可以用係高端醫療不保的試驗療程和試驗藥
Ugz6P3aRz2EJKHa25rR4AaABAg,sUXxIS7DtwE,UCdGJLEmCe0MTdBUuSXs-Vzg,2023-03-18T03:05:45Z,醉駕 係指司機醉駕 我係乘客 都沒的賠嗎 定係 我自己醉駕沒得賠啊
Ugzmd1eCLo5nMlDUGnJ4AaABAg,CRrC_G0AHqc,UCE3_MtglodiAk2RclZGla2w,2023-12-19T05:55:49Z,加咗費都唔知邊個驚邊個多啲，因為要賠償嘅機會重大！ 吾加價冇不保事項，簡直要感恩！ 因為你一生嘅醫療風險已經妥善處理！ （當然實驗性質同埋先天性疾病八歲前除外）
Ugy0XU_wNUOBdHgDonV4AaABAg,CRrC_G0AHqc,UCE3_MtglodiAk2RclZGla2w,2023-04-08T11:54:03Z,"有些保險公司，特別係網上投保嗰啲，係不會問你有冇俾其他公司拒絕承保之類嘅問題,係呢啲情況下對投保者係有優勢"
UgxMxaT8vw4Osxk4AMt4AaABAg,CRrC_G0AHqc,UCZ7U-yl9jgXO6ZeTj3sXSjQ,2020-10-25T13:20:52Z,"想了解一下，如果客人隱瞞，拒保問題答no, 將來理賠時，保險公司係點樣查到?"
Ugx8mSmYMEPGA-5VOG14AaABAg,VbQgyVZR1kc,UCE3_MtglodiAk2RclZGla2w,2024-10-18T18:24:30Z,冇醫療記錄梗係唔報啦
Ugycr_Vaxzi6duV2lod4AaABAg,VbQgyVZR1kc,UCE3_MtglodiAk2RclZGla2w,2023-06-02T11:46:08Z,你唔報夠，到陣時就算唔關事，保險公司都會攞藉口不陪
UgwCRsbublunKsBXTwh4AaABAg,VbQgyVZR1kc,UCLqfPTzBRtBLvl0QUen87lQ,2022-11-19T11:05:29Z,如果相信冇醫療記錄，其實可以側側膊不報。
Ugwioj0KyOS5zbhK-nd4AaABAg,VbQgyVZR1kc,UC9F6FIMany1h8fPcIaN4XQA,2022-08-26T04:21:05Z,驗不是要客人比？
UgxlvJFJ6V5KF8U2lA14AaABAg,VbQgyVZR1kc,UCOuy0EbtPgabwAImUgy5eug,2022-01-27T00:02:13Z,好細聲，收音可以改善，謝謝
Ugw0Ym6BzUopywbBzSl4AaABAg,VbQgyVZR1kc,UC5ytoq57MVd2lVdLCYbxw9w,2021-05-17T06:28:22Z,本人有打算購買高端医保，怎樣联络妳呢？請问危疾医保，包括什麼病呢？
UgyvXli-PsOu-1ADnbZ4AaABAg,Y-BYAYVa6Ic,UC7s0BJBb54h50PgLcxsRIlQ,2020-12-29T06:36:17Z,過往紅利實現率係查唔到資料<br><br>基於以下任何原因，實現率可能並不適用： <br><br>1.於本報告年度之相應保單年度沒有任何生效保單<br><br>2.相關保單於保單銷售時所列舉之累積週年紅利及利息(列舉至本報告年度之相應保單年度)為零<br><br>3.於本報告年度沒有支付終期紅利或保單價值：<br><br>。所有已終止之相關保單在相應保單年度並不符合支付終期紅利或保單價值的條件<br><br>。沒有相關保單在相應保單年度終止
UgzbDc-Q13qqn-wKAg54AaABAg,oUqHp8SDARI,UCVJ725Zemi7DoIU1KOii5aQ,2023-04-07T12:23:34Z,赖910
Ugwh_1LNzm-BqEf97fN4AaABAg,oUqHp8SDARI,UCS5u170X516h7WXOfbvQ34w,2022-06-12T12:09:17Z,參考一間機構的歷史本身並無什麼意義，倒閉的霸菱銀行超過二百年添，「歷史」又保證了什麼呢？(銀行的伍拾萬存款是政府保證的。保險並不是，可說是透過監管去期望表現達標而矣。)<br>說到底，一切都是自己要衡量的風險。
UgxQ1sh72i5unxtMR114AaABAg,oUqHp8SDARI,UCuOpxqebtFweoxf2t6mb-mg,2020-12-24T08:55:14Z,請問，如果幫襯細保險公司買危疾同住院保，會唔會好唔穩陣？<br>間保險公司仲要改過幾次名，又俾人收購過又盛...
Ugwv5UI3UMd_n2HqgZl4AaABAg,oUqHp8SDARI,UCdGJLEmCe0MTdBUuSXs-Vzg,2020-10-01T01:57:48Z,"大個幾間保險公司超過100年歷史.<br><br>分紅保單.<br>有保證現金價值(if執笠, 保險公司就算變賣所有既資產都要賠償呢個錢比所保單持有人, 可以refer 公司既“償付能力”%) ,,同紅利(非保証)<br><br>其實保證現金價值係幾多，都list左係保單內。<br>銀行有50萬存款保證。<br><br>保單可以睇返保證現金價值個column 就知道第時可以最少拎返幾多錢。"
UgydwzPJr_VP6A7k_P54AaABAg,oUqHp8SDARI,UCe-EIZ6LFlgQqXdsfUmj5IA,2020-07-31T05:13:42Z,多谢分享，不过声音很细
